provincia,anio,poblacion_total,poblacion_varones,poblacion_mujeres,provincia_id,hogares,viviendas_particulares,viviendas_particulares_habitadas,superficie_km2,densidad_poblacional
Capital Federal,2010,3028481,1405566,1622915,2,1150134,1423973,1082998,200,15142.405
Capital Federal,2011,3033639,1409835,1623804,2,1150134,1423973,1082998,200,15168.195
Capital Federal,2012,3038860,1414105,1624755,2,1150134,1423973,1082998,200,15194.3
Capital Federal,2013,3044076,1418339,1625737,2,1150134,1423973,1082998,200,15220.38
Capital Federal,2014,3049229,1422507,1626722,2,1150134,1423973,1082998,200,15246.145
Capital Federal,2015,3054267,1426582,1627685,2,1150134,1423973,1082998,200,15271.335
Capital Federal,2016,3059122,1430531,1628591,2,1150134,1423973,1082998,200,15295.61
Capital Federal,2017,3063728,1434323,1629405,2,1150134,1423973,1082998,200,15318.64
Capital Federal,2018,3068043,1437936,1630107,2,1150134,1423973,1082998,200,15340.215
Capital Federal,2019,3072029,1441350,1630679,2,1150134,1423973,1082998,200,15360.145
Capital Federal,2020,3075646,1444545,1631101,2,1150134,1423973,1082998,200,15378.23
Capital Federal,2021,3078836,1447495,1631341,2,1150134,1423973,1082998,200,15394.18
Capital Federal,2022,3081550,1450179,1631371,2,1150134,1423973,1082998,200,15407.75
Capital Federal,2023,3083770,1452588,1631182,2,1150134,1423973,1082998,200,15418.85
Capital Federal,2024,3085483,1454716,1630767,2,1150134,1423973,1082998,200,15427.415
Capital Federal,2025,3086680,1456560,1630120,2,1150134,1423973,1082998,200,15433.4
Capital Federal,2026,3087338,1458111,1629227,2,1150134,1423973,1082998,200,15436.69
Capital Federal,2027,3087434,1459359,1628075,2,1150134,1423973,1082998,200,15437.17
Capital Federal,2028,3086973,1460309,1626664,2,1150134,1423973,1082998,200,15434.865
Capital Federal,2029,3085971,1460970,1625001,2,1150134,1423973,1082998,200,15429.855
Capital Federal,2030,3084450,1461355,1623095,2,1150134,1423973,1082998,200,15422.25
Capital Federal,2031,3082415,1461471,1620944,2,1150134,1423973,1082998,200,15412.075
Capital Federal,2032,3079869,1461324,1618545,2,1150134,1423973,1082998,200,15399.345
Capital Federal,2033,3076845,1460932,1615913,2,1150134,1423973,1082998,200,15384.225
Capital Federal,2034,3073375,1460312,1613063,2,1150134,1423973,1082998,200,15366.875
Capital Federal,2035,3069488,1459479,1610009,2,1150134,1423973,1082998,200,15347.44
Capital Federal,2036,3065183,1458434,1606749,2,1150134,1423973,1082998,200,15325.915
Capital Federal,2037,3060454,1457173,1603281,2,1150134,1423973,1082998,200,15302.27
Capital Federal,2038,3055302,1455695,1599607,2,1150134,1423973,1082998,200,15276.51
Capital Federal,2039,3049723,1453997,1595726,2,1150134,1423973,1082998,200,15248.615
Capital Federal,2040,3043704,1452069,1591635,2,1150134,1423973,1082998,200,15218.52
Buenos Aires,2010,15716942,7678592,8038350,6,4789484,5377786,4425193,307571,51.10020775690816
Buenos Aires,2011,15909607,7776525,8133082,6,4789484,5377786,4425193,307571,51.72661596834552
Buenos Aires,2012,16100618,7873684,8226934,6,4789484,5377786,4425193,307571,52.34764655965614
Buenos Aires,2013,16289599,7969864,8319735,6,4789484,5377786,4425193,307571,52.962077048876516
Buenos Aires,2014,16476149,8064849,8411300,6,4789484,5377786,4425193,307571,53.568603671997685
Buenos Aires,2015,16659931,8158456,8501475,6,4789484,5377786,4425193,307571,54.16613074704702
Buenos Aires,2016,16841135,8250777,8590358,6,4789484,5377786,4425193,307571,54.755276017569926
Buenos Aires,2017,17020012,8341933,8678079,6,4789484,5377786,4425193,307571,55.33685555530268
Buenos Aires,2018,17196396,8431831,8764565,6,4789484,5377786,4425193,307571,55.91032964746351
Buenos Aires,2019,17370144,8520388,8849756,6,4789484,5377786,4425193,307571,56.475233360752476
Buenos Aires,2020,17541141,8607537,8933604,6,4789484,5377786,4425193,307571,57.03119279776052
Buenos Aires,2021,17709598,8693385,9016213,6,4789484,5377786,4425193,307571,57.5788939789512
Buenos Aires,2022,17875743,8778048,9097695,6,4789484,5377786,4425193,307571,58.119078196579004
Buenos Aires,2023,18039509,8861488,9178021,6,4789484,5377786,4425193,307571,58.65152761476212
Buenos Aires,2024,18200851,8943682,9257169,6,4789484,5377786,4425193,307571,59.17609592581876
Buenos Aires,2025,18359753,9024621,9335132,6,4789484,5377786,4425193,307571,59.692731109239816
Buenos Aires,2026,18516459,9104437,9412022,6,4789484,5377786,4425193,307571,60.20222647778887
Buenos Aires,2027,18671214,9183262,9487952,6,4789484,5377786,4425193,307571,60.70537859551128
Buenos Aires,2028,18824007,9261094,9562913,6,4789484,5377786,4425193,307571,61.202151698307055
Buenos Aires,2029,18974810,9337923,9636887,6,4789484,5377786,4425193,307571,61.6924547502853
Buenos Aires,2030,19123592,9413737,9709855,6,4789484,5377786,4425193,307571,62.176186961709654
Buenos Aires,2031,19270454,9488592,9781862,6,4789484,5377786,4425193,307571,62.653676712043726
Buenos Aires,2032,19415494,9562541,9852953,6,4789484,5377786,4425193,307571,63.12524262690566
Buenos Aires,2033,19558673,9635567,9923106,6,4789484,5377786,4425193,307571,63.59075790630456
Buenos Aires,2034,19699931,9707643,9992288,6,4789484,5377786,4425193,307571,64.05002747333135
Buenos Aires,2035,19839191,9778732,10060459,6,4789484,5377786,4425193,307571,64.50280097928608
Buenos Aires,2036,19976410,9848813,10127597,6,4789484,5377786,4425193,307571,64.94893861905057
Buenos Aires,2037,20111548,9917868,10193680,6,4789484,5377786,4425193,307571,65.38831034135208
Buenos Aires,2038,20244529,9985856,10258673,6,4789484,5377786,4425193,307571,65.82066904877247
Buenos Aires,2039,20375264,10052731,10322533,6,4789484,5377786,4425193,307571,66.24572537722997
Buenos Aires,2040,20503653,10118438,10385215,6,4789484,5377786,4425193,307571,66.66315419854277
Catamarca,2010,377676,188677,188999,10,96001,113634,89376,102602,3.6809808775657396
Catamarca,2011,381548,190654,190894,10,96001,113634,89376,102602,3.7187189333541255
Catamarca,2012,385408,192625,192783,10,96001,113634,89376,102602,3.7563400323580436
Catamarca,2013,389256,194590,194666,10,96001,113634,89376,102602,3.793844174577494
Catamarca,2014,393088,196547,196541,10,96001,113634,89376,102602,3.8311923744176526
Catamarca,2015,396895,198490,198405,10,96001,113634,89376,102602,3.8682969142901698
Catamarca,2016,400678,200420,200258,10,96001,113634,89376,102602,3.9051675405937507
Catamarca,2017,404433,202334,202099,10,96001,113634,89376,102602,3.9417652677335724
Catamarca,2018,408152,204228,203924,10,96001,113634,89376,102602,3.97801212451999
Catamarca,2019,411824,206096,205728,10,96001,113634,89376,102602,4.01380090056724
Catamarca,2020,415438,207933,207505,10,96001,113634,89376,102602,4.049024385489561
Catamarca,2021,418991,209737,209254,10,96001,113634,89376,102602,4.083653340090836
Catamarca,2022,422476,211503,210973,10,96001,113634,89376,102602,4.117619539580125
Catamarca,2023,425885,213228,212657,10,96001,113634,89376,102602,4.150845012767783
Catamarca,2024,429208,214907,214301,10,96001,113634,89376,102602,4.183232295666751
Catamarca,2025,432438,216536,215902,10,96001,113634,89376,102602,4.214713163486092
Catamarca,2026,435572,218113,217459,10,96001,113634,89376,102602,4.245258377029687
Catamarca,2027,438610,219639,218971,10,96001,113634,89376,102602,4.274867936297538
Catamarca,2028,441548,221112,220436,10,96001,113634,89376,102602,4.303502855694821
Catamarca,2029,444382,222529,221853,10,96001,113634,89376,102602,4.331124149626713
Catamarca,2030,447107,223889,223218,10,96001,113634,89376,102602,4.357683086099686
Catamarca,2031,449719,225189,224530,10,96001,113634,89376,102602,4.383140679518918
Catamarca,2032,452217,226430,225787,10,96001,113634,89376,102602,4.407487183485702
Catamarca,2033,454596,227608,226988,10,96001,113634,89376,102602,4.430673866006511
Catamarca,2034,456854,228723,228131,10,96001,113634,89376,102602,4.452681234283932
Catamarca,2035,458989,229774,229215,10,96001,113634,89376,102602,4.473489795520555
Catamarca,2036,460999,230761,230238,10,96001,113634,89376,102602,4.493080056918968
Catamarca,2037,462883,231683,231200,10,96001,113634,89376,102602,4.511442272080466
Catamarca,2038,464640,232540,232100,10,96001,113634,89376,102602,4.528566694606343
Catamarca,2039,466275,233334,232941,10,96001,113634,89376,102602,4.544502056490127
Catamarca,2040,467787,234065,233722,10,96001,113634,89376,102602,4.559238611333113
Córdoba,2010,3373025,1642300,1730725,14,1031843,1232211,978553,165321,20.402882876343597
Córdoba,2011,3411773,1661989,1749784,14,1031843,1232211,978553,165321,20.637263263590228
Córdoba,2012,3450673,1681770,1768903,14,1031843,1232211,978553,165321,20.87256307426159
Córdoba,2013,3489669,1701613,1788056,14,1031843,1232211,978553,165321,21.108443573411726
Córdoba,2014,3528687,1721478,1807209,14,1031843,1232211,978553,165321,21.344457147004917
Córdoba,2015,3567654,1741325,1826329,14,1031843,1232211,978553,165321,21.580162229843758
Córdoba,2016,3606540,1761138,1845402,14,1031843,1232211,978553,165321,21.81537735677863
Córdoba,2017,3645321,1780905,1864416,14,1031843,1232211,978553,165321,22.04995735568984
Córdoba,2018,3683937,1800593,1883344,14,1031843,1232211,978553,165321,22.28353929627815
Córdoba,2019,3722332,1820172,1902160,14,1031843,1232211,978553,165321,22.515784443597607
Córdoba,2020,3760450,1839612,1920838,14,1031843,1232211,978553,165321,22.74635406270226
Córdoba,2021,3798261,1858896,1939365,14,1031843,1232211,978553,165321,22.975066688442485
Córdoba,2022,3835738,1878010,1957728,14,1031843,1232211,978553,165321,23.201759002183632
Córdoba,2023,3872830,1896928,1975902,14,1031843,1232211,978553,165321,23.426122513171347
Córdoba,2024,3909489,1915625,1993864,14,1031843,1232211,978553,165321,23.64786687716624
Córdoba,2025,3945677,1934082,2011595,14,1031843,1232211,978553,165321,23.86676223831213
Córdoba,2026,3981393,1952301,2029092,14,1031843,1232211,978553,165321,24.0828025477707
Córdoba,2027,4016659,1970295,2046364,14,1031843,1232211,978553,165321,24.296120879985
Córdoba,2028,4051461,1988057,2063404,14,1031843,1232211,978553,165321,24.506632551218537
Córdoba,2029,4085783,2005579,2080204,14,1031843,1232211,978553,165321,24.71424078005819
Córdoba,2030,4119615,2022857,2096758,14,1031843,1232211,978553,165321,24.91888507812075
Córdoba,2031,4152951,2039888,2113063,14,1031843,1232211,978553,165321,25.120529152376285
Córdoba,2032,4185790,2056671,2129119,14,1031843,1232211,978553,165321,25.319166953986485
Córdoba,2033,4218137,2073209,2144928,14,1031843,1232211,978553,165321,25.51482872714295
Córdoba,2034,4250000,2089505,2160495,14,1031843,1232211,978553,165321,25.707562862552248
Córdoba,2035,4281389,2105563,2175826,14,1031843,1232211,978553,165321,25.897429848597575
Córdoba,2036,4312310,2121388,2190922,14,1031843,1232211,978553,165321,26.084465978308867
Córdoba,2037,4342769,2136982,2205787,14,1031843,1232211,978553,165321,26.268707544716037
Córdoba,2038,4372781,2152351,2220430,14,1031843,1232211,978553,165321,26.4502452803939
Córdoba,2039,4402358,2167500,2234858,14,1031843,1232211,978553,165321,26.629151771402302
Córdoba,2040,4431509,2182434,2249075,14,1031843,1232211,978553,165321,26.805481457286128
Corrientes,2010,1017731,501452,516279,18,267797,292644,248844,88199,11.539031054773863
Corrientes,2011,1028248,506702,521546,18,267797,292644,248844,88199,11.658272769532534
Corrientes,2012,1038786,511969,526817,18,267797,292644,248844,88199,11.777752582228823
Corrientes,2013,1049325,517240,532085,18,267797,292644,248844,88199,11.897243732922142
Corrientes,2014,1059836,522500,537336,18,267797,292644,248844,88199,12.016417419698636
Corrientes,2015,1070283,527731,542552,18,267797,292644,248844,88199,12.134865474665245
Corrientes,2016,1080655,532925,547730,18,267797,292644,248844,88199,12.252463179854647
Corrientes,2017,1090938,538075,552863,18,267797,292644,248844,88199,12.369051803308427
Corrientes,2018,1101084,543156,557928,18,267797,292644,248844,88199,12.484087121169175
Corrientes,2019,1111052,548147,562905,18,267797,292644,248844,88199,12.59710427555868
Corrientes,2020,1120801,553026,567775,18,267797,292644,248844,88199,12.707638408598736
Corrientes,2021,1130320,557787,572533,18,267797,292644,248844,88199,12.815564802322022
Corrientes,2022,1139604,562427,577177,18,267797,292644,248844,88199,12.920826766743387
Corrientes,2023,1148631,566935,581696,18,267797,292644,248844,88199,13.023174865928185
Corrientes,2024,1157386,571303,586083,18,267797,292644,248844,88199,13.122439029920974
Corrientes,2025,1165860,575526,590334,18,267797,292644,248844,88199,13.21851721674849
Corrientes,2026,1174065,579610,594455,18,267797,292644,248844,88199,13.311545482375085
Corrientes,2027,1182008,583560,598448,18,267797,292644,248844,88199,13.401603192779964
Corrientes,2028,1189680,587371,602309,18,267797,292644,248844,88199,13.488588305989865
Corrientes,2029,1197076,591042,606034,18,267797,292644,248844,88199,13.572444132019637
Corrientes,2030,1204189,594569,609620,18,267797,292644,248844,88199,13.653091304890077
Corrientes,2031,1211027,597957,613070,18,267797,292644,248844,88199,13.730620528577422
Corrientes,2032,1217593,601207,616386,18,267797,292644,248844,88199,13.805065817072755
Corrientes,2033,1223885,604319,619566,18,267797,292644,248844,88199,13.876404494382022
Corrientes,2034,1229901,607293,622608,18,267797,292644,248844,88199,13.944613884511162
Corrientes,2035,1235644,610131,625513,18,267797,292644,248844,88199,14.009728001451263
Corrientes,2036,1241119,612836,628283,18,267797,292644,248844,88199,14.071803535187474
Corrientes,2037,1246340,615417,630923,18,267797,292644,248844,88199,14.130999217678205
Corrientes,2038,1251313,617876,633437,18,267797,292644,248844,88199,14.187383076905634
Corrientes,2039,1256046,620219,635827,18,267797,292644,248844,88199,14.241045816845997
Corrientes,2040,1260548,622451,638097,18,267797,292644,248844,88199,14.292089479472557
Chaco,2010,1080017,534347,545670,22,288422,312602,270133,99633,10.839952626137926
Chaco,2011,1092625,540391,552234,22,288422,312602,270133,99633,10.966497044152039
Chaco,2012,1105280,546471,558809,22,288422,312602,270133,99633,11.09351319341985
Chaco,2013,1117953,552570,565383,22,288422,312602,270133,99633,11.220710005720996
Chaco,2014,1130608,558670,571938,22,288422,312602,270133,99633,11.347726154988809
Chaco,2015,1143201,564746,578455,22,288422,312602,270133,99633,11.474120020475144
Chaco,2016,1155723,570793,584930,22,288422,312602,270133,99633,11.599801270663335
Chaco,2017,1168165,576806,591359,22,288422,312602,270133,99633,11.724679574036715
Chaco,2018,1180477,582759,597718,22,288422,312602,270133,99633,11.848253088836028
Chaco,2019,1192616,588629,603987,22,288422,312602,270133,99633,11.970090231148314
Chaco,2020,1204541,594394,610147,22,288422,312602,270133,99633,12.089779490730983
Chaco,2021,1216247,600052,616195,22,288422,312602,270133,99633,12.207270683408108
Chaco,2022,1227736,605603,622133,22,288422,312602,270133,99633,12.32258388285006
Chaco,2023,1238989,611037,627952,22,288422,312602,270133,99633,12.43552838918832
Chaco,2024,1249992,616347,633645,22,288422,312602,270133,99633,12.5459636867303
Chaco,2025,1260737,621528,639209,22,288422,312602,270133,99633,12.653809480794516
Chaco,2026,1271241,626589,644652,22,288422,312602,270133,99633,12.759236397579116
Chaco,2027,1281525,631540,649985,22,288422,312602,270133,99633,12.862455210622986
Chaco,2028,1291581,636378,655203,22,288422,312602,270133,99633,12.963385625244648
Chaco,2029,1301397,641096,660301,22,288422,312602,270133,99633,13.061907199421878
Chaco,2030,1310964,645690,665274,22,288422,312602,270133,99633,13.157929601638012
Chaco,2031,1320278,650158,670120,22,288422,312602,270133,99633,13.251412684552307
Chaco,2032,1329337,654500,674837,22,288422,312602,270133,99633,13.342336374494394
Chaco,2033,1338130,658710,679420,22,288422,312602,270133,99633,13.430590266277237
Chaco,2034,1346652,662787,683865,22,288422,312602,270133,99633,13.51612417572491
Chaco,2035,1354895,666726,688169,22,288422,312602,270133,99633,13.598857808155932
Chaco,2036,1362863,670530,692333,22,288422,312602,270133,99633,13.678831310911043
Chaco,2037,1370566,674204,696362,22,288422,312602,270133,99633,13.756145052342095
Chaco,2038,1378007,677751,700256,22,288422,312602,270133,99633,13.830829142954643
Chaco,2039,1385188,681171,704017,22,288422,312602,270133,99633,13.902903656419058
Chaco,2040,1392114,684468,707646,22,288422,312602,270133,99633,13.972418776911264
Chubut,2010,513433,256540,256893,26,157166,177985,147176,224686,2.285113447210774
Chubut,2011,524201,262005,262196,26,157166,177985,147176,224686,2.333038106513089
Chubut,2012,534945,267460,267485,26,157166,177985,147176,224686,2.380855950081447
Chubut,2013,545656,272901,272755,26,157166,177985,147176,224686,2.428526922015613
Chubut,2014,556319,278319,278000,26,157166,177985,147176,224686,2.4759842624818638
Chubut,2015,566922,283708,283214,26,157166,177985,147176,224686,2.52317456361322
Chubut,2016,577466,289068,288398,26,157166,177985,147176,224686,2.5701022760652643
Chubut,2017,587956,294402,293554,26,157166,177985,147176,224686,2.616789653115904
Chubut,2018,598380,299702,298678,26,157166,177985,147176,224686,2.66318328689816
Chubut,2019,608729,304965,303764,26,157166,177985,147176,224686,2.7092431215117987
Chubut,2020,618994,310185,308809,26,157166,177985,147176,224686,2.7549291010565855
Chubut,2021,629181,315365,313816,26,157166,177985,147176,224686,2.80026792946601
Chubut,2022,639294,320508,318786,26,157166,177985,147176,224686,2.845277409362399
Chubut,2023,649330,325610,323720,26,157166,177985,147176,224686,2.889944188779007
Chubut,2024,659284,330670,328614,26,157166,177985,147176,224686,2.9342460144379268
Chubut,2025,669155,335688,333467,26,157166,177985,147176,224686,2.978178435683576
Chubut,2026,678951,340667,338284,26,157166,177985,147176,224686,3.021777057760608
Chubut,2027,688682,345612,343070,26,157166,177985,147176,224686,3.0650863872248384
Chubut,2028,698351,350524,347827,26,157166,177985,147176,224686,3.108119776043011
Chubut,2029,707956,355402,352554,26,157166,177985,147176,224686,3.1508683229039636
Chubut,2030,717495,360246,357249,26,157166,177985,147176,224686,3.193323126496533
Chubut,2031,726971,365057,361914,26,157166,177985,147176,224686,3.2354975387874636
Chubut,2032,736386,369836,366550,26,157166,177985,147176,224686,3.277400461087918
Chubut,2033,745737,374582,371155,26,157166,177985,147176,224686,3.3190185414311526
Chubut,2034,755021,379293,375728,26,157166,177985,147176,224686,3.3603384278504222
Chubut,2035,764230,383965,380265,26,157166,177985,147176,224686,3.4013245151010745
Chubut,2036,773367,388600,384767,26,157166,177985,147176,224686,3.4419901551498535
Chubut,2037,782427,393195,389232,26,157166,177985,147176,224686,3.4823130947188523
Chubut,2038,791405,397749,393656,26,157166,177985,147176,224686,3.522271080530162
Chubut,2039,800299,402259,398040,26,157166,177985,147176,224686,3.5618552112726203
Chubut,2040,809102,406723,402379,26,157166,177985,147176,224686,3.6010343323571563
Entre Ríos,2010,1255574,615107,640467,30,375121,425591,357250,78781,15.937523006816365
Entre Ríos,2011,1268744,621717,647027,30,375121,425591,357250,78781,16.104695294550716
Entre Ríos,2012,1281931,628346,653585,30,375121,425591,357250,78781,16.272083370355798
Entre Ríos,2013,1295121,634985,660136,30,375121,425591,357250,78781,16.439509526408653
Entre Ríos,2014,1308290,641619,666671,30,375121,425591,357250,78781,16.60666912072708
Entre Ríos,2015,1321415,648236,673179,30,375121,425591,357250,78781,16.773270204744797
Entre Ríos,2016,1334489,654832,679657,30,375121,425591,357250,78781,16.939223924550337
Entre Ríos,2017,1347508,661403,686105,30,375121,425591,357250,78781,17.10447950647999
Entre Ríos,2018,1360443,667934,692509,30,375121,425591,357250,78781,17.26866884147193
Entre Ríos,2019,1373270,674412,698858,30,375121,425591,357250,78781,17.431487287543952
Entre Ríos,2020,1385961,680822,705139,30,375121,425591,357250,78781,17.59257942905015
Entre Ríos,2021,1398510,687159,711351,30,375121,425591,357250,78781,17.75186910549498
Entre Ríos,2022,1410908,693419,717489,30,375121,425591,357250,78781,17.909242076135108
Entre Ríos,2023,1423136,699592,723544,30,375121,425591,357250,78781,18.06445716606796
Entre Ríos,2024,1435177,705669,729508,30,375121,425591,357250,78781,18.217298587222807
Entre Ríos,2025,1447019,711644,735375,30,375121,425591,357250,78781,18.36761401860855
Entre Ríos,2026,1458661,717517,741144,30,375121,425591,357250,78781,18.515390766809254
Entre Ríos,2027,1470109,723292,746817,30,375121,425591,357250,78781,18.660704992320483
Entre Ríos,2028,1481358,728967,752391,30,375121,425591,357250,78781,18.803493228062603
Entre Ríos,2029,1492399,734538,757861,30,375121,425591,357250,78781,18.94364123329229
Entre Ríos,2030,1503222,740000,763222,30,375121,425591,357250,78781,19.081022073850296
Entre Ríos,2031,1513825,745353,768472,30,375121,425591,357250,78781,19.215610362904762
Entre Ríos,2032,1524206,750595,773611,30,375121,425591,357250,78781,19.347380713623842
Entre Ríos,2033,1534359,755724,778635,30,375121,425591,357250,78781,19.47625696551199
Entre Ríos,2034,1544281,760740,783541,30,375121,425591,357250,78781,19.60220103832142
Entre Ríos,2035,1553972,765642,788330,30,375121,425591,357250,78781,19.725212932052145
Entre Ríos,2036,1563429,770428,793001,30,375121,425591,357250,78781,19.84525456645638
Entre Ríos,2037,1572653,775100,797553,30,375121,425591,357250,78781,19.96233863495005
Entre Ríos,2038,1581648,779660,801988,30,375121,425591,357250,78781,20.07651591119686
Entre Ríos,2039,1590415,784108,806307,30,375121,425591,357250,78781,20.187799088612735
Entre Ríos,2040,1598960,788447,810513,30,375121,425591,357250,78781,20.296264327693226
Formosa,2010,551626,275092,276534,34,140303,154458,130134,72066,7.654455637887492
Formosa,2011,557223,277823,279400,34,140303,154458,130134,72066,7.732120556156856
Formosa,2012,562794,280542,282252,34,140303,154458,130134,72066,7.809424694030472
Formosa,2013,568331,283244,285087,34,140303,154458,130134,72066,7.886257042155802
Formosa,2014,573823,285924,287899,34,140303,154458,130134,72066,7.962464962673105
Formosa,2015,579250,288571,290679,34,140303,154458,130134,72066,8.037770932201038
Formosa,2016,584614,291187,293427,34,140303,154458,130134,72066,8.112202703077735
Formosa,2017,589916,293772,296144,34,140303,154458,130134,72066,8.18577415147226
Formosa,2018,595129,296313,298816,34,140303,154458,130134,72066,8.258110620819805
Formosa,2019,600229,298797,301432,34,140303,154458,130134,72066,8.328879083062748
Formosa,2020,605193,301213,303980,34,140303,154458,130134,72066,8.397760386312546
Formosa,2021,610019,303560,306459,34,140303,154458,130134,72066,8.464726778231066
Formosa,2022,614706,305837,308869,34,140303,154458,130134,72066,8.529764382649239
Formosa,2023,619240,308037,311203,34,140303,154458,130134,72066,8.592678933200123
Formosa,2024,623605,310153,313452,34,140303,154458,130134,72066,8.653248411178641
Formosa,2025,627790,312179,315611,34,140303,154458,130134,72066,8.711320178725057
Formosa,2026,631801,314118,317683,34,140303,154458,130134,72066,8.766977492853773
Formosa,2027,635646,315975,319671,34,140303,154458,130134,72066,8.820331362917326
Formosa,2028,639319,317746,321573,34,140303,154458,130134,72066,8.871298531901314
Formosa,2029,642812,319428,323384,34,140303,154458,130134,72066,8.919767990453195
Formosa,2030,646119,321018,325101,34,140303,154458,130134,72066,8.965656481558572
Formosa,2031,649242,322517,326725,34,140303,154458,130134,72066,9.008991757555574
Formosa,2032,652185,323928,328257,34,140303,154458,130134,72066,9.049829323120473
Formosa,2033,654940,325247,329693,34,140303,154458,130134,72066,9.08805816890073
Formosa,2034,657503,326471,331032,34,140303,154458,130134,72066,9.123622790220075
Formosa,2035,659871,327600,332271,34,140303,154458,130134,72066,9.15648155857131
Formosa,2036,662045,328634,333411,34,140303,154458,130134,72066,9.186648350123498
Formosa,2037,664031,329577,334454,34,140303,154458,130134,72066,9.214206421891044
Formosa,2038,665827,330428,335399,34,140303,154458,130134,72066,9.239128021535814
Formosa,2039,667437,331189,336248,34,140303,154458,130134,72066,9.261468653734077
Formosa,2040,668865,331862,337003,34,140303,154458,130134,72066,9.281283823162102
Jujuy,2010,683513,336954,346559,38,174630,195785,154911,53219,12.843401792592871
Jujuy,2011,692379,341398,350981,38,174630,195785,154911,53219,13.009996429846483
Jujuy,2012,701252,345849,355403,38,174630,195785,154911,53219,13.176722599071761
Jujuy,2013,710121,350301,359820,38,174630,195785,154911,53219,13.343373607170372
Jujuy,2014,718971,354747,364224,38,174630,195785,154911,53219,13.509667599917323
Jujuy,2015,727780,359175,368605,38,174630,195785,154911,53219,13.675191191115955
Jujuy,2016,736542,363581,372961,38,174630,195785,154911,53219,13.83983163907627
Jujuy,2017,745252,367963,377289,38,174630,195785,154911,53219,14.003494992389935
Jujuy,2018,753891,372312,381579,38,174630,195785,154911,53219,14.165824235705292
Jujuy,2019,762440,376618,385822,38,174630,195785,154911,53219,14.326462353670681
Jujuy,2020,770881,380872,390009,38,174630,195785,154911,53219,14.485071121216107
Jujuy,2021,779212,385072,394140,38,174630,195785,154911,53219,14.641612957778237
Jujuy,2022,787436,389221,398215,38,174630,195785,154911,53219,14.796144234202071
Jujuy,2023,795539,393311,402228,38,174630,195785,154911,53219,14.948401886544278
Jujuy,2024,803507,397335,406172,38,174630,195785,154911,53219,15.098122850861534
Jujuy,2025,811328,401287,410041,38,174630,195785,154911,53219,15.24508164377384
Jujuy,2026,819006,405169,413837,38,174630,195785,154911,53219,15.389353426407862
Jujuy,2027,826541,408980,417561,38,174630,195785,154911,53219,15.5309381987636
Jujuy,2028,833925,412717,421208,38,174630,195785,154911,53219,15.669685638587723
Jujuy,2029,841151,416376,424775,38,174630,195785,154911,53219,15.805464213908566
Jujuy,2030,848213,419954,428259,38,174630,195785,154911,53219,15.938161183036133
Jujuy,2031,855109,423451,431658,38,174630,195785,154911,53219,16.06773896540709
Jujuy,2032,861838,426866,434972,38,174630,195785,154911,53219,16.194178770739775
Jujuy,2033,868393,430194,438199,38,174630,195785,154911,53219,16.317349067062516
Jujuy,2034,874769,433434,441335,38,174630,195785,154911,53219,16.437155902966985
Jujuy,2035,880965,436585,444380,38,174630,195785,154911,53219,16.55358048817152
Jujuy,2036,886977,439645,447332,38,174630,195785,154911,53219,16.666547661549448
Jujuy,2037,892807,442615,450192,38,174630,195785,154911,53219,16.776095003664103
Jujuy,2038,898453,445494,452959,38,174630,195785,154911,53219,16.88218493395216
Jujuy,2039,903916,448283,455633,38,174630,195785,154911,53219,16.984836242695277
Jujuy,2040,909196,450981,458215,38,174630,195785,154911,53219,17.08404892989346
La Pampa,2010,327028,162435,164593,42,107674,133186,104797,143440,2.27989403234802
La Pampa,2011,330268,164027,166241,42,107674,133186,104797,143440,2.3024818739542665
La Pampa,2012,333496,165612,167884,42,107674,133186,104797,143440,2.3249860568878975
La Pampa,2013,336706,167187,169519,42,107674,133186,104797,143440,2.3473647518126044
La Pampa,2014,339895,168750,171145,42,107674,133186,104797,143440,2.3695970440602343
La Pampa,2015,343056,170298,172758,42,107674,133186,104797,143440,2.391634132738427
La Pampa,2016,346191,171831,174360,42,107674,133186,104797,143440,2.413489960959286
La Pampa,2017,349299,173350,175949,42,107674,133186,104797,143440,2.4351575571667596
La Pampa,2018,352378,174853,177525,42,107674,133186,104797,143440,2.456622978248745
La Pampa,2019,355422,176337,179085,42,107674,133186,104797,143440,2.4778443948689346
La Pampa,2020,358428,177801,180627,42,107674,133186,104797,143440,2.4988008923591747
La Pampa,2021,361394,179244,182150,42,107674,133186,104797,143440,2.519478527607362
La Pampa,2022,364322,180667,183655,42,107674,133186,104797,143440,2.5398912437255996
La Pampa,2023,367207,182068,185139,42,107674,133186,104797,143440,2.5600041829336306
La Pampa,2024,370047,183445,186602,42,107674,133186,104797,143440,2.579803402119353
La Pampa,2025,372838,184796,188042,42,107674,133186,104797,143440,2.599261015058561
La Pampa,2026,375579,186122,189457,42,107674,133186,104797,143440,2.6183700501952036
La Pampa,2027,378272,187424,190848,42,107674,133186,104797,143440,2.637144450641383
La Pampa,2028,380911,188698,192213,42,107674,133186,104797,143440,2.655542387060792
La Pampa,2029,383495,189945,193550,42,107674,133186,104797,143440,2.6735568878973788
La Pampa,2030,386024,191163,194861,42,107674,133186,104797,143440,2.691187953151143
La Pampa,2031,388496,192353,196143,42,107674,133186,104797,143440,2.708421639709983
La Pampa,2032,390910,193514,197396,42,107674,133186,104797,143440,2.7252509760178474
La Pampa,2033,393265,194646,198619,42,107674,133186,104797,143440,2.7416689905186837
La Pampa,2034,395561,195748,199813,42,107674,133186,104797,143440,2.757675683212493
La Pampa,2035,397800,196822,200978,42,107674,133186,104797,143440,2.773284997211378
La Pampa,2036,399980,197867,202113,42,107674,133186,104797,143440,2.788482989403235
La Pampa,2037,402103,198884,203219,42,107674,133186,104797,143440,2.8032836029001675
La Pampa,2038,404168,199873,204295,42,107674,133186,104797,143440,2.8176798661461238
La Pampa,2039,406177,200835,205342,42,107674,133186,104797,143440,2.831685722253207
La Pampa,2040,408128,201768,206360,42,107674,133186,104797,143440,2.845287228109314
La Rioja,2010,342582,170647,171935,46,91097,108967,86367,89680,3.820049063336307
La Rioja,2011,347494,173075,174419,46,91097,108967,86367,89680,3.874821587867975
La Rioja,2012,352476,175541,176935,46,91097,108967,86367,89680,3.9303746654772524
La Rioja,2013,357516,178039,179477,46,91097,108967,86367,89680,3.9865744870651203
La Rioja,2014,362605,180563,182042,46,91097,108967,86367,89680,4.0433206958073145
La Rioja,2015,367728,183105,184623,46,91097,108967,86367,89680,4.100446030330063
La Rioja,2016,372879,185662,187217,46,91097,108967,86367,89680,4.1578835860838534
La Rioja,2017,378047,188229,189818,46,91097,108967,86367,89680,4.215510704727921
La Rioja,2018,383220,190798,192422,46,91097,108967,86367,89680,4.273193577163247
La Rioja,2019,388386,193364,195022,46,91097,108967,86367,89680,4.330798394290812
La Rioja,2020,393531,195919,197612,46,91097,108967,86367,89680,4.3881690454950935
La Rioja,2021,398648,198459,200189,46,91097,108967,86367,89680,4.445227475468331
La Rioja,2022,403727,200980,202747,46,91097,108967,86367,89680,4.501862176628011
La Rioja,2023,408760,203476,205284,46,91097,108967,86367,89680,4.557983942908118
La Rioja,2024,413735,205942,207793,46,91097,108967,86367,89680,4.6134589652096345
La Rioja,2025,418645,208374,210271,46,91097,108967,86367,89680,4.668209188224799
La Rioja,2026,423488,210770,212718,46,91097,108967,86367,89680,4.72221231043711
La Rioja,2027,428256,213127,215129,46,91097,108967,86367,89680,4.775379125780553
La Rioja,2028,432944,215442,217502,46,91097,108967,86367,89680,4.827653880463871
La Rioja,2029,437549,217713,219836,46,91097,108967,86367,89680,4.8790031222123105
La Rioja,2030,442067,219938,222129,46,91097,108967,86367,89680,4.929382247992864
La Rioja,2031,446498,222118,224380,46,91097,108967,86367,89680,4.978791257805531
La Rioja,2032,450839,224251,226588,46,91097,108967,86367,89680,5.0271966993755575
La Rioja,2033,455091,226338,228753,46,91097,108967,86367,89680,5.0746097234611955
La Rioja,2034,459255,228379,230876,46,91097,108967,86367,89680,5.121041480820696
La Rioja,2035,463331,230375,232956,46,91097,108967,86367,89680,5.166491971454059
La Rioja,2036,467323,232328,234995,46,91097,108967,86367,89680,5.211005798394291
La Rioja,2037,471232,234238,236994,46,91097,108967,86367,89680,5.254594112399643
La Rioja,2038,475062,236108,238954,46,91097,108967,86367,89680,5.297301516503122
La Rioja,2039,478816,237940,240876,46,91097,108967,86367,89680,5.339161462979483
La Rioja,2040,482498,239735,242763,46,91097,108967,86367,89680,5.380218554861731
Mendoza,2010,1774737,869428,905309,50,494841,538056,459550,148827,11.924832187707876
Mendoza,2011,1797235,880869,916366,50,494841,538056,459550,148827,12.076000994443213
Mendoza,2012,1819608,892249,927359,50,494841,538056,459550,148827,12.226329899816566
Mendoza,2013,1841813,903547,938266,50,494841,538056,459550,148827,12.375529977759411
Mendoza,2014,1863809,914741,949068,50,494841,538056,459550,148827,12.52332574062502
Mendoza,2015,1885551,925809,959742,50,494841,538056,459550,148827,12.669414823923079
Mendoza,2016,1907045,936753,970292,50,494841,538056,459550,148827,12.813837542918959
Mendoza,2017,1928304,947581,980723,50,494841,538056,459550,148827,12.956681247354311
Mendoza,2018,1949293,958274,991019,50,494841,538056,459550,148827,13.097710764847776
Mendoza,2019,1969982,968816,1001166,50,494841,538056,459550,148827,13.23672451907248
Mendoza,2020,1990338,979191,1011147,50,494841,538056,459550,148827,13.373500776068859
Mendoza,2021,2010363,989400,1020963,50,494841,538056,459550,148827,13.508052974258703
Mendoza,2022,2030061,999446,1030615,50,494841,538056,459550,148827,13.640407990485597
Mendoza,2023,2049411,1009317,1040094,50,494841,538056,459550,148827,13.770424721320728
Mendoza,2024,2068396,1019006,1049390,50,494841,538056,459550,148827,13.897988940178866
Mendoza,2025,2087006,1028506,1058500,50,494841,538056,459550,148827,14.023033454951051
Mendoza,2026,2105259,1037828,1067431,50,494841,538056,459550,148827,14.145679211433409
Mendoza,2027,2123178,1046983,1076195,50,494841,538056,459550,148827,14.266080751476547
Mendoza,2028,2140766,1055973,1084793,50,494841,538056,459550,148827,14.384258232713151
Mendoza,2029,2158023,1064800,1093223,50,494841,538056,459550,148827,14.50021165514322
Mendoza,2030,2174953,1073465,1101488,50,494841,538056,459550,148827,14.61396789561034
Mendoza,2031,2191575,1081978,1109597,50,494841,538056,459550,148827,14.72565461912153
Mendoza,2032,2207912,1090353,1117559,50,494841,538056,459550,148827,14.835426367527397
Mendoza,2033,2223969,1098593,1125376,50,494841,538056,459550,148827,14.943316736882421
Mendoza,2034,2239753,1106701,1133052,50,494841,538056,459550,148827,15.04937276166287
Mendoza,2035,2255267,1114678,1140589,50,494841,538056,459550,148827,15.153614599501434
Mendoza,2036,2270521,1122529,1147992,50,494841,538056,459550,148827,15.256109442507071
Mendoza,2037,2285519,1130257,1155262,50,494841,538056,459550,148827,15.356884167523367
Mendoza,2038,2300262,1137860,1162402,50,494841,538056,459550,148827,15.455945493761213
Mendoza,2039,2314745,1145336,1169409,50,494841,538056,459550,148827,15.553259825166133
Mendoza,2040,2328963,1152681,1176282,50,494841,538056,459550,148827,15.648793565683647
Misiones,2010,1113279,556697,556582,54,302953,330049,290263,29801,37.35710211066743
Misiones,2011,1128798,564334,564464,54,302953,330049,290263,29801,37.877856447770206
Misiones,2012,1144189,571915,572274,54,302953,330049,290263,29801,38.39431562699238
Misiones,2013,1159445,579436,580009,54,302953,330049,290263,29801,38.906244756887354
Misiones,2014,1174542,586884,587658,54,302953,330049,290263,29801,39.4128384953525
Misiones,2015,1189446,594241,595205,54,302953,330049,290263,29801,39.9129559410758
Misiones,2016,1204182,601518,602664,54,302953,330049,290263,29801,40.4074359920808
Misiones,2017,1218771,608726,610045,54,302953,330049,290263,29801,40.89698332270729
Misiones,2018,1233177,615846,617331,54,302953,330049,290263,29801,41.380389919801345
Misiones,2019,1247362,622859,624503,54,302953,330049,290263,29801,41.85638065836717
Misiones,2020,1261294,629747,631547,54,302953,330049,290263,29801,42.323881748934596
Misiones,2021,1274992,636519,638473,54,302953,330049,290263,29801,42.783530754001546
Misiones,2022,1288476,643186,645290,54,302953,330049,290263,29801,43.235998791986844
Misiones,2023,1301723,649736,651987,54,302953,330049,290263,29801,43.68051407670883
Misiones,2024,1314714,656159,658555,54,302953,330049,290263,29801,44.11643904566961
Misiones,2025,1327431,662445,664986,54,302953,330049,290263,29801,44.5431696922922
Misiones,2026,1339893,668604,671289,54,302953,330049,290263,29801,44.96134357907453
Misiones,2027,1352117,674645,677472,54,302953,330049,290263,29801,45.371531156672596
Misiones,2028,1364086,680558,683528,54,302953,330049,290263,29801,45.77316197443039
Misiones,2029,1375781,686333,689448,54,302953,330049,290263,29801,46.16559846985
Misiones,2030,1387184,691961,695223,54,302953,330049,290263,29801,46.54823663635448
Misiones,2031,1398304,697447,700857,54,302953,330049,290263,29801,46.92137847723231
Misiones,2032,1409156,702799,706357,54,302953,330049,290263,29801,47.28552733129761
Misiones,2033,1419725,708009,711716,54,302953,330049,290263,29801,47.64017985973625
Misiones,2034,1429997,713071,716926,54,302953,330049,290263,29801,47.984866279655044
Misiones,2035,1439958,717977,721981,54,302953,330049,290263,29801,48.3191168081608
Misiones,2036,1449601,722726,726875,54,302953,330049,290263,29801,48.64269655380692
Misiones,2037,1458924,727315,731609,54,302953,330049,290263,29801,48.95553840475152
Misiones,2038,1467913,731739,736174,54,302953,330049,290263,29801,49.257172578101404
Misiones,2039,1476556,735992,740564,54,302953,330049,290263,29801,49.54719640280528
Misiones,2040,1484840,740068,744772,54,302953,330049,290263,29801,49.82517365189088
Neuquén,2010,571910,284848,287062,58,170057,193733,159302,94078,6.079104572801293
Neuquén,2011,581720,289679,292041,58,170057,193733,159302,94078,6.1833797487191475
Neuquén,2012,591422,294454,296968,58,170057,193733,159302,94078,6.286506941048917
Neuquén,2013,601003,299165,301838,58,170057,193733,159302,94078,6.388347966580922
Neuquén,2014,610449,303806,306643,58,170057,193733,159302,94078,6.48875401262782
Neuquén,2015,619745,308370,311375,58,170057,193733,159302,94078,6.587565637024596
Neuquén,2016,628897,312859,316038,58,170057,193733,159302,94078,6.684846616637259
Neuquén,2017,637913,317278,320635,58,170057,193733,159302,94078,6.780681987287145
Neuquén,2018,646784,321623,325161,58,170057,193733,159302,94078,6.874976083675248
Neuquén,2019,655501,325888,329613,58,170057,193733,159302,94078,6.967633240502562
Neuquén,2020,664057,330070,333987,58,170057,193733,159302,94078,7.058579051425413
Neuquén,2021,672461,334174,338287,58,170057,193733,159302,94078,7.1479091817428095
Neuquén,2022,680726,338206,342520,58,170057,193733,159302,94078,7.235761814664428
Neuquén,2023,688850,342167,346683,58,170057,193733,159302,94078,7.3221156912349326
Neuquén,2024,696833,346055,350778,58,170057,193733,159302,94078,7.406970811454325
Neuquén,2025,704673,349870,354803,58,170057,193733,159302,94078,7.490305916367269
Neuquén,2026,712383,353619,358764,58,170057,193733,159302,94078,7.572259189183444
Neuquén,2027,719973,357308,362665,58,170057,193733,159302,94078,7.652936924679521
Neuquén,2028,727444,360937,366507,58,170057,193733,159302,94078,7.73234975233317
Neuquén,2029,734793,364505,370288,58,170057,193733,159302,94078,7.810465783711388
Neuquén,2030,742015,368010,374005,58,170057,193733,159302,94078,7.887231871425838
Neuquén,2031,749119,371458,377661,58,170057,193733,159302,94078,7.962743680775526
Neuquén,2032,756107,374849,381258,58,170057,193733,159302,94078,8.037022470715788
Neuquén,2033,762975,378181,384794,58,170057,193733,159302,94078,8.110025723335955
Neuquén,2034,769720,381454,388266,58,170057,193733,159302,94078,8.181721550203022
Neuquén,2035,776338,384666,391672,58,170057,193733,159302,94078,8.252067433406323
Neuquén,2036,782827,387816,395011,58,170057,193733,159302,94078,8.321042113990519
Neuquén,2037,789191,390907,398284,58,170057,193733,159302,94078,8.388688109866282
Neuquén,2038,795423,393935,401488,58,170057,193733,159302,94078,8.454931014689938
Neuquén,2039,801521,396900,404621,58,170057,193733,159302,94078,8.519749569506155
Neuquén,2040,807482,399800,407682,58,170057,193733,159302,94078,8.583111885881928
Río Negro,2010,648277,322712,325565,62,199189,236609,190597,203013,3.193278262968381
Río Negro,2011,658486,327873,330613,62,199189,236609,190597,203013,3.243565682985819
Río Negro,2012,668663,333014,335649,62,199189,236609,190597,203013,3.2936954776295115
Río Negro,2013,678797,338129,340668,62,199189,236609,190597,203013,3.3436134631772347
Río Negro,2014,688873,343212,345661,62,199189,236609,190597,203013,3.3932457527350466
Río Negro,2015,698874,348253,350621,62,199189,236609,190597,203013,3.4425086078231444
Río Negro,2016,708799,353253,355546,62,199189,236609,190597,203013,3.491397102648599
Río Negro,2017,718646,358210,360436,62,199189,236609,190597,203013,3.539901385625551
Río Negro,2018,728403,363118,365285,62,199189,236609,190597,203013,3.5879623472388467
Río Negro,2019,738060,367973,370087,62,199189,236609,190597,203013,3.635530729559191
Río Negro,2020,747610,372770,374840,62,199189,236609,190597,203013,3.6825720520360763
Río Negro,2021,757052,377510,379542,62,199189,236609,190597,203013,3.7290813888765744
Río Negro,2022,766387,382193,384194,62,199189,236609,190597,203013,3.775063665873614
Río Negro,2023,775610,386817,388793,62,199189,236609,190597,203013,3.8204942540625475
Río Negro,2024,784715,391379,393336,62,199189,236609,190597,203013,3.8653435986857985
Río Negro,2025,793697,395877,397820,62,199189,236609,190597,203013,3.9095870707787186
Río Negro,2026,802561,400313,402248,62,199189,236609,190597,203013,3.9532492993059556
Río Negro,2027,811311,404690,406621,62,199189,236609,190597,203013,3.996349987439228
Río Negro,2028,819946,409007,410939,62,199189,236609,190597,203013,4.038884209385606
Río Negro,2029,828459,413262,415197,62,199189,236609,190597,203013,4.080817484594583
Río Negro,2030,836851,417454,419397,62,199189,236609,190597,203013,4.122154738859088
Río Negro,2031,845121,421585,423536,62,199189,236609,190597,203013,4.162891046386192
Río Negro,2032,853269,425654,427615,62,199189,236609,190597,203013,4.203026407175895
Río Negro,2033,861296,429663,431633,62,199189,236609,190597,203013,4.242565747021127
Río Negro,2034,869196,433608,435588,62,199189,236609,190597,203013,4.28147951116431
Río Negro,2035,876969,437490,439479,62,199189,236609,190597,203013,4.319767699605444
Río Negro,2036,884612,441308,443304,62,199189,236609,190597,203013,4.3574155349657415
Río Negro,2037,892125,445062,447063,62,199189,236609,190597,203013,4.3944230172452015
Río Negro,2038,899508,448752,450756,62,199189,236609,190597,203013,4.430790146443824
Río Negro,2039,906759,452377,454382,62,199189,236609,190597,203013,4.466507070975751
Río Negro,2040,913879,455938,457941,62,199189,236609,190597,203013,4.50157871663391
Salta,2010,1239111,613103,626008,66,299794,315186,267075,155488,7.969174470055567
Salta,2011,1258111,622489,635622,66,299794,315186,267075,155488,8.091370395143034
Salta,2012,1277062,631855,645207,66,299794,315186,267075,155488,8.213251183371064
Salta,2013,1295944,641191,654753,66,299794,315186,267075,155488,8.334688207450093
Salta,2014,1314726,650481,664245,66,299794,315186,267075,155488,8.455482095081292
Salta,2015,1333365,659702,673663,66,299794,315186,267075,155488,8.575356297592098
Salta,2016,1351878,668863,683015,66,299794,315186,267075,155488,8.694420148178638
Salta,2017,1370283,677974,692309,66,299794,315186,267075,155488,8.812789411401523
Salta,2018,1388532,687008,701524,66,299794,315186,267075,155488,8.930155381765795
Salta,2019,1406584,695946,710638,66,299794,315186,267075,155488,9.046254373327844
Salta,2020,1424397,704765,719632,66,299794,315186,267075,155488,9.160816268779584
Salta,2021,1441988,713474,728514,66,299794,315186,267075,155488,9.273950401317144
Salta,2022,1459378,722085,737293,66,299794,315186,267075,155488,9.385791829594567
Salta,2023,1476539,730582,745957,66,299794,315186,267075,155488,9.496160475406462
Salta,2024,1493448,738954,754494,66,299794,315186,267075,155488,9.60490841736983
Salta,2025,1510087,747191,762896,66,299794,315186,267075,155488,9.711919890924058
Salta,2026,1526480,755306,771174,66,299794,315186,267075,155488,9.81734924881663
Salta,2027,1542650,763311,779339,66,299794,315186,267075,155488,9.92134441243054
Salta,2028,1558584,771199,787385,66,299794,315186,267075,155488,10.023821774027578
Salta,2029,1574262,778960,795302,66,299794,315186,267075,155488,10.124652706318173
Salta,2030,1589668,786586,803082,66,299794,315186,267075,155488,10.223734307470673
Salta,2031,1604807,794078,810729,66,299794,315186,267075,155488,10.321098734307471
Salta,2032,1619690,801444,818246,66,299794,315186,267075,155488,10.416816731837827
Salta,2033,1634300,808674,825626,66,299794,315186,267075,155488,10.51077896686561
Salta,2034,1648618,815759,832859,66,299794,315186,267075,155488,10.602863243465734
Salta,2035,1662631,822693,839938,66,299794,315186,267075,155488,10.69298595389998
Salta,2036,1676343,829477,846866,66,299794,315186,267075,155488,10.78117282362626
Salta,2037,1689758,836113,853645,66,299794,315186,267075,155488,10.867449578102491
Salta,2038,1702871,842599,860272,66,299794,315186,267075,155488,10.951784060506277
Salta,2039,1715673,848930,866743,66,299794,315186,267075,155488,11.034118388557316
Salta,2040,1728163,855106,873057,66,299794,315186,267075,155488,11.11444613089113
San Juan,2010,696076,343077,352999,70,177155,188655,162204,89651,7.7642859533078274
San Juan,2011,704652,347533,357119,70,177155,188655,162204,89651,7.859945789784832
San Juan,2012,713240,351996,361244,70,177155,188655,162204,89651,7.9557394786449676
San Juan,2013,721830,356460,365370,70,177155,188655,162204,89651,8.051555476235626
San Juan,2014,730408,360918,369490,70,177155,188655,162204,89651,8.147237621443152
San Juan,2015,738959,365362,373597,70,177155,188655,162204,89651,8.242618598788637
San Juan,2016,747488,369794,377694,70,177155,188655,162204,89651,8.337754180098381
San Juan,2017,755994,374215,381779,70,177155,188655,162204,89651,8.432633211007127
San Juan,2018,764464,378617,385847,70,177155,188655,162204,89651,8.527110684766484
San Juan,2019,772876,382990,389886,70,177155,188655,162204,89651,8.62094120534071
San Juan,2020,781217,387326,393891,70,177155,188655,162204,89651,8.713979765981417
San Juan,2021,789489,391627,397862,70,177155,188655,162204,89651,8.806248675419125
San Juan,2022,797697,395895,401802,70,177155,188655,162204,89651,8.89780370548014
San Juan,2023,805830,400125,405705,70,177155,188655,162204,89651,8.98852215814659
San Juan,2024,813878,404312,409566,70,177155,188655,162204,89651,9.07829248976587
San Juan,2025,821835,408452,413383,70,177155,188655,162204,89651,9.167047774146413
San Juan,2026,829702,412547,417155,70,177155,188655,162204,89651,9.254799165653479
San Juan,2027,837479,416597,420882,70,177155,188655,162204,89651,9.341546664287069
San Juan,2028,845154,420596,424558,70,177155,188655,162204,89651,9.427156417664053
San Juan,2029,852715,424538,428177,70,177155,188655,162204,89651,9.5114945734013
San Juan,2030,860152,428417,431735,70,177155,188655,162204,89651,9.594449587846203
San Juan,2031,867459,432231,435228,70,177155,188655,162204,89651,9.675954534807197
San Juan,2032,874633,435978,438655,70,177155,188655,162204,89651,9.755975951188498
San Juan,2033,881664,439654,442010,70,177155,188655,162204,89651,9.834402293337497
San Juan,2034,888545,443254,445291,70,177155,188655,162204,89651,9.91115548069737
San Juan,2035,895265,446773,448492,70,177155,188655,162204,89651,9.986112815250248
San Juan,2036,901827,450212,451615,70,177155,188655,162204,89651,10.059307760091912
San Juan,2037,908233,453572,454661,70,177155,188655,162204,89651,10.130762623952885
San Juan,2038,914478,456850,457628,70,177155,188655,162204,89651,10.20042163500686
San Juan,2039,920560,460044,460516,70,177155,188655,162204,89651,10.268262484523317
San Juan,2040,926479,463155,463324,70,177155,188655,162204,89651,10.334285172502259
San Luis,2010,443944,219940,224004,74,126922,142049,117766,76748,5.784437379475687
San Luis,2011,450434,223189,227245,74,126922,142049,117766,76748,5.868999843644134
San Luis,2012,456924,226438,230486,74,126922,142049,117766,76748,5.9535623078125814
San Luis,2013,463411,229686,233725,74,126922,142049,117766,76748,6.0380856830145415
San Luis,2014,469889,232930,236959,74,126922,142049,117766,76748,6.122491791317038
San Luis,2015,476351,236166,240185,74,126922,142049,117766,76748,6.206689425131599
San Luis,2016,482796,239393,243403,74,126922,142049,117766,76748,6.290665554802731
San Luis,2017,489225,242612,246613,74,126922,142049,117766,76748,6.374433209985928
San Luis,2018,495629,245817,249812,74,126922,142049,117766,76748,6.457875123781728
San Luis,2019,502000,249005,252995,74,126922,142049,117766,76748,6.540887058946161
San Luis,2020,508328,252170,256158,74,126922,142049,117766,76748,6.623338718924272
San Luis,2021,514610,255311,259299,74,126922,142049,117766,76748,6.70519101474957
San Luis,2022,520845,258428,262417,74,126922,142049,117766,76748,6.786430916766561
San Luis,2023,527023,261514,265509,74,126922,142049,117766,76748,6.866928128420285
San Luis,2024,533137,264567,268570,74,126922,142049,117766,76748,6.94659144212227
San Luis,2025,539178,267582,271596,74,126922,142049,117766,76748,7.025303590973055
San Luis,2026,545144,270559,274585,74,126922,142049,117766,76748,7.103038515661646
San Luis,2027,551032,273496,277536,74,126922,142049,117766,76748,7.179757127221556
San Luis,2028,556840,276392,280448,74,126922,142049,117766,76748,7.255433366341794
San Luis,2029,562560,279242,283318,74,126922,142049,117766,76748,7.329962995778391
San Luis,2030,568188,282046,286142,74,126922,142049,117766,76748,7.403293896909366
San Luis,2031,573720,284801,288919,74,126922,142049,117766,76748,7.475373951112733
San Luis,2032,579154,287506,291648,74,126922,142049,117766,76748,7.5461770990775
San Luis,2033,584488,290161,294327,74,126922,142049,117766,76748,7.615677281492677
San Luis,2034,589716,292763,296953,74,126922,142049,117766,76748,7.683796320425288
San Luis,2035,594835,295310,299525,74,126922,142049,117766,76748,7.750495126908844
San Luis,2036,599847,297803,302044,74,126922,142049,117766,76748,7.815799760254339
San Luis,2037,604751,300241,304510,74,126922,142049,117766,76748,7.879697190806275
San Luis,2038,609547,302625,306922,74,126922,142049,117766,76748,7.942187418564653
San Luis,2039,614236,304955,309281,74,126922,142049,117766,76748,8.003283473184968
San Luis,2040,618818,307232,311586,74,126922,142049,117766,76748,8.062985354667223
Santa Cruz,2010,275452,141644,133808,78,81796,93881,76233,243943,1.1291654197906889
Santa Cruz,2011,284414,146235,138179,78,81796,93881,76233,243943,1.165903510246246
Santa Cruz,2012,293407,150842,142565,78,81796,93881,76233,243943,1.2027686795685877
Santa Cruz,2013,302420,155459,146961,78,81796,93881,76233,243943,1.239715835256597
Santa Cruz,2014,311444,160081,151363,78,81796,93881,76233,243943,1.276708083445723
Santa Cruz,2015,320469,164703,155766,78,81796,93881,76233,243943,1.3137044309531325
Santa Cruz,2016,329499,169327,160172,78,81796,93881,76233,243943,1.3507212750519588
Santa Cruz,2017,338542,173956,164586,78,81796,93881,76233,243943,1.387791410288469
Santa Cruz,2018,347593,178589,169004,78,81796,93881,76233,243943,1.4248943400712462
Santa Cruz,2019,356647,183222,173425,78,81796,93881,76233,243943,1.4620095678088734
Santa Cruz,2020,365698,187852,177846,78,81796,93881,76233,243943,1.4991124975916506
Santa Cruz,2021,374756,192484,182272,78,81796,93881,76233,243943,1.5362441226024113
Santa Cruz,2022,383827,197121,186706,78,81796,93881,76233,243943,1.5734290387508558
Santa Cruz,2023,392904,201759,191145,78,81796,93881,76233,243943,1.6106385508090004
Santa Cruz,2024,401984,206396,195588,78,81796,93881,76233,243943,1.6478603608219953
Santa Cruz,2025,411065,211032,200033,78,81796,93881,76233,243943,1.6850862701532736
Santa Cruz,2026,420152,215668,204484,78,81796,93881,76233,243943,1.722336775394252
Santa Cruz,2027,429253,220309,208944,78,81796,93881,76233,243943,1.7596446710911975
Santa Cruz,2028,438368,224954,213414,78,81796,93881,76233,243943,1.7970099572441103
Santa Cruz,2029,447491,229601,217890,78,81796,93881,76233,243943,1.83440803794329
Santa Cruz,2030,456620,234248,222372,78,81796,93881,76233,243943,1.87183071455217
Santa Cruz,2031,465759,238897,226862,78,81796,93881,76233,243943,1.9092943843438837
Santa Cruz,2032,474908,243548,231360,78,81796,93881,76233,243943,1.946799047318431
Santa Cruz,2033,484064,248199,235865,78,81796,93881,76233,243943,1.984332405520962
Santa Cruz,2034,493221,252847,240374,78,81796,93881,76233,243943,2.021869863041776
Santa Cruz,2035,502376,257491,244885,78,81796,93881,76233,243943,2.059399121926024
Santa Cruz,2036,511524,262128,249396,78,81796,93881,76233,243943,2.0968996855822875
Santa Cruz,2037,520663,266756,253907,78,81796,93881,76233,243943,2.1343633553740013
Santa Cruz,2038,529786,271372,258414,78,81796,93881,76233,243943,2.171761436073181
Santa Cruz,2039,538886,275973,262913,78,81796,93881,76233,243943,2.2090652324518434
Santa Cruz,2040,547960,280557,267403,78,81796,93881,76233,243943,2.246262446555138
Santa Fe,2010,3257907,1582187,1675720,82,1023777,1143651,948369,133007,24.494252182215973
Santa Fe,2011,3285408,1595978,1689430,82,1023777,1143651,948369,133007,24.701015736013893
Santa Fe,2012,3313212,1609962,1703250,82,1023777,1143651,948369,133007,24.910057365401823
Santa Fe,2013,3341228,1624091,1717137,82,1023777,1143651,948369,133007,25.120692895862625
Santa Fe,2014,3369365,1638315,1731050,82,1023777,1143651,948369,133007,25.33223815287917
Santa Fe,2015,3397532,1652581,1744951,82,1023777,1143651,948369,133007,25.544008961934335
Santa Fe,2016,3425656,1666849,1758807,82,1023777,1143651,948369,133007,25.75545647973415
Santa Fe,2017,3453674,1681084,1772590,82,1023777,1143651,948369,133007,25.966107046997525
Santa Fe,2018,3481514,1695244,1786270,82,1023777,1143651,948369,133007,26.17541933883179
Santa Fe,2019,3509113,1709293,1799820,82,1023777,1143651,948369,133007,26.382919695955852
Santa Fe,2020,3536418,1723202,1813216,82,1023777,1143651,948369,133007,26.58820964310149
Santa Fe,2021,3563390,1736949,1826441,82,1023777,1143651,948369,133007,26.79099596261851
Santa Fe,2022,3589999,1750516,1839483,82,1023777,1143651,948369,133007,26.991053102468292
Santa Fe,2023,3616227,1763893,1852334,82,1023777,1143651,948369,133007,27.18824573142767
Santa Fe,2024,3642063,1777073,1864990,82,1023777,1143651,948369,133007,27.382491147082483
Santa Fe,2025,3667505,1790055,1877450,82,1023777,1143651,948369,133007,27.573774312630164
Santa Fe,2026,3692543,1802832,1889711,82,1023777,1143651,948369,133007,27.76202004405783
Santa Fe,2027,3717160,1815397,1901763,82,1023777,1143651,948369,133007,27.94710052854361
Santa Fe,2028,3741348,1827746,1913602,82,1023777,1143651,948369,133007,28.128955618877203
Santa Fe,2029,3765111,1839880,1925231,82,1023777,1143651,948369,133007,28.307615388663756
Santa Fe,2030,3788453,1851803,1936650,82,1023777,1143651,948369,133007,28.483109911508418
Santa Fe,2031,3811368,1863513,1947855,82,1023777,1143651,948369,133007,28.655394077003464
Santa Fe,2032,3833857,1875010,1958847,82,1023777,1143651,948369,133007,28.82447540355019
Santa Fe,2033,3855933,1886302,1969631,82,1023777,1143651,948369,133007,28.990451630365317
Santa Fe,2034,3877606,1897394,1980212,82,1023777,1143651,948369,133007,29.153397941461726
Santa Fe,2035,3898888,1908293,1990595,82,1023777,1143651,948369,133007,29.31340455765486
Santa Fe,2036,3919780,1919000,2000780,82,1023777,1143651,948369,133007,29.470478997346003
Santa Fe,2037,3940283,1929517,2010766,82,1023777,1143651,948369,133007,29.624628778936447
Santa Fe,2038,3960409,1939849,2020560,82,1023777,1143651,948369,133007,29.775944123241633
Santa Fe,2039,3980166,1950001,2030165,82,1023777,1143651,948369,133007,29.924485177471862
Santa Fe,2040,3999563,1959977,2039586,82,1023777,1143651,948369,133007,30.070319607238716
Santiago del Estero,2010,879246,438380,440866,86,218025,242034,197906,136351,6.448401551877141
Santiago del Estero,2011,888809,443034,445775,86,218025,242034,197906,136351,6.518536717735843
Santiago del Estero,2012,898484,447753,450731,86,218025,242034,197906,136351,6.589493293045155
Santiago del Estero,2013,908268,452534,455734,86,218025,242034,197906,136351,6.661249275766221
Santiago del Estero,2014,918147,457369,460778,86,218025,242034,197906,136351,6.733701989717714
Santiago del Estero,2015,928097,462244,465853,86,218025,242034,197906,136351,6.80667541858879
Santiago del Estero,2016,938109,467154,470955,86,218025,242034,197906,136351,6.88010355626288
Santiago del Estero,2017,948172,472093,476079,86,218025,242034,197906,136351,6.953905728597516
Santiago del Estero,2018,958251,477042,481209,86,218025,242034,197906,136351,7.027825245139383
Santiago del Estero,2019,968309,481983,486326,86,218025,242034,197906,136351,7.10159074740926
Santiago del Estero,2020,978313,486897,491416,86,218025,242034,197906,136351,7.1749602129797365
Santiago del Estero,2021,988245,491775,496470,86,218025,242034,197906,136351,7.247801629617678
Santiago del Estero,2022,998093,496611,501482,86,218025,242034,197906,136351,7.320026989167663
Santiago del Estero,2023,1007830,501391,506439,86,218025,242034,197906,136351,7.391438273279991
Santiago del Estero,2024,1017428,506101,511327,86,218025,242034,197906,136351,7.461830129592009
Santiago del Estero,2025,1026866,510729,516137,86,218025,242034,197906,136351,7.531048543831728
Santiago del Estero,2026,1036139,515273,520866,86,218025,242034,197906,136351,7.59905684593439
Santiago del Estero,2027,1045247,519733,525514,86,218025,242034,197906,136351,7.665855035899994
Santiago del Estero,2028,1054179,524104,530075,86,218025,242034,197906,136351,7.731362439586069
Santiago del Estero,2029,1062924,528380,534544,86,218025,242034,197906,136351,7.795498382850144
Santiago del Estero,2030,1071469,532554,538915,86,218025,242034,197906,136351,7.858167523523846
Santiago del Estero,2031,1079809,536624,543185,86,218025,242034,197906,136351,7.9193331915424166
Santiago del Estero,2032,1087938,540587,547351,86,218025,242034,197906,136351,7.978951382828142
Santiago del Estero,2033,1095850,544439,551411,86,218025,242034,197906,136351,8.036978093303313
Santiago del Estero,2034,1103532,548175,555357,86,218025,242034,197906,136351,8.093317980799554
Santiago del Estero,2035,1110978,551792,559186,86,218025,242034,197906,136351,8.147927041239155
Santiago del Estero,2036,1118189,555290,562899,86,218025,242034,197906,136351,8.200812608635067
Santiago del Estero,2037,1125165,558670,566495,86,218025,242034,197906,136351,8.25197468298729
Santiago del Estero,2038,1131905,561932,569973,86,218025,242034,197906,136351,8.301405930282872
Santiago del Estero,2039,1138412,565078,573334,86,218025,242034,197906,136351,8.34912835256067
Santiago del Estero,2040,1144686,568107,576579,86,218025,242034,197906,136351,8.395141949820683
Tucumán,2010,1489225,733744,755481,90,368538,396040,335821,22524,66.11725270822234
Tucumán,2011,1509932,744127,765805,90,368538,396040,335821,22524,67.03658320014208
Tucumán,2012,1530689,754541,776148,90,368538,396040,335821,22524,67.95813354643936
Tucumán,2013,1551460,764968,786492,90,368538,396040,335821,22524,68.88030545196236
Tucumán,2014,1572205,775385,796820,90,368538,396040,335821,22524,69.80132303320902
Tucumán,2015,1592878,785767,807111,90,368538,396040,335821,22524,70.71914402415202
Tucumán,2016,1613476,796112,817364,90,368538,396040,335821,22524,71.63363523352868
Tucumán,2017,1633992,806416,827576,90,368538,396040,335821,22524,72.54448588172616
Tucumán,2018,1654388,816658,837730,90,368538,396040,335821,22524,73.45000887941751
Tucumán,2019,1674622,826817,847805,90,368538,396040,335821,22524,74.3483395489256
Tucumán,2020,1694656,836871,857785,90,368538,396040,335821,22524,75.23779080092346
Tucumán,2021,1714487,846819,867668,90,368538,396040,335821,22524,76.11822944414847
Tucumán,2022,1734118,856662,877456,90,368538,396040,335821,22524,76.98978866986326
Tucumán,2023,1753523,866387,887136,90,368538,396040,335821,22524,77.8513141537915
Tucumán,2024,1772680,875982,896698,90,368538,396040,335821,22524,78.70182916000711
Tucumán,2025,1791571,885438,906133,90,368538,396040,335821,22524,79.54053454093412
Tucumán,2026,1810210,894762,915448,90,368538,396040,335821,22524,80.36805185579826
Tucumán,2027,1828610,903961,924649,90,368538,396040,335821,22524,81.1849582667377
Tucumán,2028,1846761,913032,933729,90,368538,396040,335821,22524,81.99080980287692
Tucumán,2029,1864652,921969,942683,90,368538,396040,335821,22524,82.78511809625289
Tucumán,2030,1882275,930769,951506,90,368538,396040,335821,22524,83.56752797016516
Tucumán,2031,1899633,939434,960199,90,368538,396040,335821,22524,84.3381726158764
Tucumán,2032,1916730,947968,968762,90,368538,396040,335821,22524,85.09722962173682
Tucumán,2033,1933560,956368,977192,90,368538,396040,335821,22524,85.8444326052211
Tucumán,2034,1950114,964630,985484,90,368538,396040,335821,22524,86.57938199254129
Tucumán,2035,1966384,972751,993633,90,368538,396040,335821,22524,87.30172260699698
Tucumán,2036,1982373,980734,1001639,90,368538,396040,335821,22524,88.01158763985083
Tucumán,2037,1998086,988581,1009505,90,368538,396040,335821,22524,88.70919907654059
Tucumán,2038,2013520,996292,1017228,90,368538,396040,335821,22524,89.39442372580359
Tucumán,2039,2028678,1003868,1024810,90,368538,396040,335821,22524,90.06739477890251
Tucumán,2040,2043560,1011310,1032250,90,368538,396040,335821,22524,90.72811223583733
Tierra del Fuego,2010,131661,67235,64426,94,38956,43360,36689,1002445,0.1313398740080503
Tierra del Fuego,2011,135742,69310,66432,94,38956,43360,36689,1002445,0.13541092029986682
Tierra del Fuego,2012,139852,71398,68454,94,38956,43360,36689,1002445,0.13951089585962323
Tierra del Fuego,2013,143987,73498,70489,94,38956,43360,36689,1002445,0.14363581044346574
Tierra del Fuego,2014,148143,75608,72535,94,38956,43360,36689,1002445,0.14778167380754056
Tierra del Fuego,2015,152317,77725,74592,94,38956,43360,36689,1002445,0.1519454932689574
Tierra del Fuego,2016,156509,79850,76659,94,38956,43360,36689,1002445,0.15612726882771624
Tierra del Fuego,2017,160720,81983,78737,94,38956,43360,36689,1002445,0.1603279980447805
Tierra del Fuego,2018,164944,84121,80823,94,38956,43360,36689,1002445,0.16454169555436957
Tierra del Fuego,2019,169183,86265,82918,94,38956,43360,36689,1002445,0.1687703564784103
Tierra del Fuego,2020,173432,88412,85020,94,38956,43360,36689,1002445,0.17300899301208544
Tierra del Fuego,2021,177697,90565,87132,94,38956,43360,36689,1002445,0.1772635905211757
Tierra del Fuego,2022,181983,92727,89256,94,38956,43360,36689,1002445,0.18153913681049832
Tierra del Fuego,2023,186285,94895,91390,94,38956,43360,36689,1002445,0.18583064407523606
Tierra del Fuego,2024,190601,97068,93533,94,38956,43360,36689,1002445,0.190136117193462
Tierra del Fuego,2025,194926,99244,95682,94,38956,43360,36689,1002445,0.19445056836035893
Tierra del Fuego,2026,199248,101416,97832,94,38956,43360,36689,1002445,0.19876202684436553
Tierra del Fuego,2027,203558,103580,99978,94,38956,43360,36689,1002445,0.2030615145968108
Tierra del Fuego,2028,207851,105732,102119,94,38956,43360,36689,1002445,0.20734404381287752
Tierra del Fuego,2029,212126,107872,104254,94,38956,43360,36689,1002445,0.21160861693160224
Tierra del Fuego,2030,216380,110000,106380,94,38956,43360,36689,1002445,0.2158522412700946
Tierra del Fuego,2031,220617,112117,108500,94,38956,43360,36689,1002445,0.22007890707220845
Tierra del Fuego,2032,224843,114226,110617,94,38956,43360,36689,1002445,0.2242945997037244
Tierra del Fuego,2033,229055,116326,112729,94,38956,43360,36689,1002445,0.2284963264817521
Tierra del Fuego,2034,233252,118417,114835,94,38956,43360,36689,1002445,0.23268308984532818
Tierra del Fuego,2035,237433,120498,116935,94,38956,43360,36689,1002445,0.23685389223348913
Tierra del Fuego,2036,241593,122567,119026,94,38956,43360,36689,1002445,0.24100374584141773
Tierra del Fuego,2037,245734,124625,121109,94,38956,43360,36689,1002445,0.2451346457910409
Tierra del Fuego,2038,249853,126670,123183,94,38956,43360,36689,1002445,0.2492435993994683
Tierra del Fuego,2039,253948,128702,125246,94,38956,43360,36689,1002445,0.25332861154477304
Tierra del Fuego,2040,258020,130721,127299,94,38956,43360,36689,1002445,0.2573906797879185
