ID Cliente,Fecha de Compra,Monto de la Compra,Segmento de Cliente,Satisfacci√≥n del Cliente
1,2023-10-13,110,Nuevo,1
2,2023-10-01,192,Nuevo,4
2,2023-06-14,19,Nuevo,4
2,2023-07-23,26,Nuevo,4
2,2024-02-16,38,Nuevo,4
3,2023-05-21,107,Nuevo,2
3,2023-04-05,184,Nuevo,2
3,2022-02-02,48,Nuevo,2
3,2022-12-10,138,Nuevo,2
4,2022-01-27,193,Nuevo,4
5,2023-12-15,186,Recurrente,4
6,2024-03-08,83,Recurrente,4
6,2024-09-11,94,Recurrente,4
6,2023-07-22,186,Recurrente,4
6,2023-09-27,105,Recurrente,4
7,2022-01-30,147,Nuevo,3
7,2022-12-19,90,Nuevo,3
8,2022-06-06,125,Nuevo,2
8,2022-05-13,34,Nuevo,2
8,2022-08-17,21,Nuevo,2
9,2023-08-04,29,Recurrente,3
10,2024-07-08,169,Recurrente,1
10,2024-09-14,194,Recurrente,1
10,2023-09-12,97,Recurrente,1
10,2024-04-20,170,Recurrente,1
11,2023-08-14,31,Recurrente,2
11,2024-04-03,110,Recurrente,2
11,2023-05-13,163,Recurrente,2
12,2024-04-01,172,Recurrente,1
12,2022-09-15,183,Recurrente,1
12,2024-01-27,193,Recurrente,1
13,2022-08-09,157,Recurrente,4
14,2024-01-19,66,Recurrente,1
14,2023-04-17,74,Recurrente,1
15,2022-04-23,78,Recurrente,4
15,2024-06-23,26,Recurrente,4
15,2022-10-02,164,Recurrente,4
15,2023-09-23,75,Recurrente,4
16,2023-11-10,36,Recurrente,4
16,2022-04-18,41,Recurrente,4
17,2023-01-21,155,Nuevo,2
18,2022-12-21,169,Recurrente,1
18,2024-03-08,136,Recurrente,1
18,2022-06-15,88,Recurrente,1
18,2023-06-03,22,Recurrente,1
19,2023-01-02,105,Nuevo,1
19,2022-02-05,123,Nuevo,1
19,2023-12-14,167,Nuevo,1
20,2023-05-23,29,Recurrente,2
20,2023-10-09,61,Recurrente,2
20,2024-08-02,123,Recurrente,2
20,2023-08-17,85,Recurrente,2
21,2023-07-11,84,Recurrente,1
22,2022-07-04,55,Nuevo,3
22,2022-05-08,39,Nuevo,3
22,2023-09-25,96,Nuevo,3
23,2023-08-18,110,Nuevo,2
24,2023-01-17,13,Nuevo,3
24,2023-04-03,163,Nuevo,3
25,2022-12-11,176,Nuevo,4
25,2022-09-26,68,Nuevo,4
25,2022-04-18,45,Nuevo,4
26,2022-04-17,153,Nuevo,3
26,2024-08-11,85,Nuevo,3
26,2024-12-16,129,Nuevo,3
27,2023-01-07,70,Recurrente,4
28,2024-04-21,74,Recurrente,5
28,2024-01-09,28,Recurrente,5
28,2023-07-03,30,Recurrente,5
28,2023-05-25,178,Recurrente,5
29,2024-08-29,194,Nuevo,5
29,2023-02-17,186,Nuevo,5
29,2023-04-25,165,Nuevo,5
30,2024-06-02,183,Recurrente,3
30,2023-11-08,53,Recurrente,3
31,2023-02-22,124,Nuevo,3
32,2024-06-04,87,Nuevo,4
32,2024-08-12,30,Nuevo,4
32,2022-11-06,147,Nuevo,4
33,2023-09-03,50,Nuevo,5
33,2022-05-10,46,Nuevo,5
33,2023-01-08,61,Nuevo,5
33,2023-11-19,122,Nuevo,5
34,2023-01-12,87,Recurrente,2
34,2022-01-03,149,Recurrente,2
35,2023-11-01,163,Nuevo,5
35,2022-08-21,97,Nuevo,5
35,2023-12-15,148,Nuevo,5
36,2022-05-22,114,Nuevo,3
36,2022-07-03,65,Nuevo,3
36,2023-09-15,170,Nuevo,3
37,2023-03-02,141,Nuevo,4
38,2024-06-08,13,Nuevo,1
38,2023-07-23,49,Nuevo,1
38,2024-08-31,115,Nuevo,1
38,2024-05-25,83,Nuevo,1
39,2022-12-19,108,Nuevo,4
39,2023-04-05,160,Nuevo,4
39,2024-07-16,118,Nuevo,4
39,2023-08-12,23,Nuevo,4
40,2024-01-08,66,Nuevo,2
40,2024-10-19,161,Nuevo,2
40,2022-11-17,16,Nuevo,2
41,2022-05-24,55,Nuevo,4
42,2022-10-12,142,Recurrente,4
42,2023-02-15,10,Recurrente,4
42,2022-11-23,88,Recurrente,4
42,2022-01-24,22,Recurrente,4
43,2023-01-17,159,Nuevo,1
43,2023-11-09,87,Nuevo,1
43,2024-09-16,92,Nuevo,1
44,2024-11-18,11,Nuevo,5
44,2023-03-28,151,Nuevo,5
44,2024-10-25,141,Nuevo,5
44,2024-02-12,48,Nuevo,5
45,2023-04-06,104,Recurrente,2
45,2023-11-03,100,Recurrente,2
46,2022-03-05,151,Nuevo,5
46,2024-03-02,54,Nuevo,5
47,2022-02-14,134,Nuevo,5
47,2024-10-19,165,Nuevo,5
47,2024-10-05,184,Nuevo,5
47,2024-11-08,129,Nuevo,5
48,2022-07-30,181,Nuevo,1
48,2024-05-24,29,Nuevo,1
48,2024-07-07,20,Nuevo,1
48,2024-07-07,124,Nuevo,1
49,2023-05-20,107,Recurrente,3
50,2023-06-17,138,Nuevo,1
51,2022-05-16,175,Nuevo,3
51,2023-06-13,61,Nuevo,3
51,2024-02-24,160,Nuevo,3
52,2024-11-14,128,Nuevo,5
52,2023-02-17,36,Nuevo,5
53,2024-12-20,20,Recurrente,3
53,2022-08-23,184,Recurrente,3
53,2024-04-30,128,Recurrente,3
53,2022-01-08,129,Recurrente,3
54,2024-10-24,24,Nuevo,4
54,2023-05-24,190,Nuevo,4
55,2023-01-15,82,Recurrente,1
55,2023-08-17,17,Recurrente,1
56,2024-07-16,188,Recurrente,3
56,2022-03-11,165,Recurrente,3
56,2024-07-14,177,Recurrente,3
56,2024-08-10,103,Recurrente,3
57,2023-03-15,66,Recurrente,4
58,2023-09-21,140,Recurrente,4
59,2023-02-03,87,Recurrente,2
59,2023-08-25,189,Recurrente,2
60,2024-03-07,42,Recurrente,2
60,2024-09-15,75,Recurrente,2
61,2024-07-11,75,Recurrente,1
61,2024-09-29,148,Recurrente,1
61,2023-05-14,101,Recurrente,1
62,2024-08-02,112,Nuevo,2
62,2023-11-25,199,Nuevo,2
62,2022-12-27,46,Nuevo,2
62,2024-09-18,56,Nuevo,2
63,2024-01-08,144,Recurrente,2
64,2023-04-24,183,Nuevo,4
64,2024-12-17,185,Nuevo,4
65,2023-03-11,80,Nuevo,1
65,2023-01-14,177,Nuevo,1
65,2024-12-04,169,Nuevo,1
65,2024-03-17,96,Nuevo,1
66,2022-11-12,159,Recurrente,1
66,2023-07-26,109,Recurrente,1
67,2022-05-06,176,Recurrente,2
67,2024-05-22,22,Recurrente,2
67,2022-08-17,30,Recurrente,2
68,2022-12-20,113,Nuevo,2
68,2023-10-15,89,Nuevo,2
69,2024-05-03,141,Recurrente,2
69,2023-10-08,188,Recurrente,2
69,2023-03-16,156,Recurrente,2
69,2023-09-24,103,Recurrente,2
70,2023-09-03,184,Nuevo,4
71,2023-09-05,150,Nuevo,4
71,2022-01-22,138,Nuevo,4
71,2022-02-08,91,Nuevo,4
71,2022-05-02,26,Nuevo,4
72,2022-06-08,56,Nuevo,1
72,2023-05-26,162,Nuevo,1
72,2023-02-18,177,Nuevo,1
73,2024-05-17,36,Nuevo,1
74,2024-07-21,15,Nuevo,2
74,2022-06-06,194,Nuevo,2
75,2023-05-22,36,Recurrente,5
75,2022-03-02,196,Recurrente,5
75,2022-10-22,90,Recurrente,5
76,2023-09-28,29,Recurrente,3
76,2024-05-20,22,Recurrente,3
76,2022-06-16,190,Recurrente,3
76,2024-09-06,180,Recurrente,3
77,2024-03-17,177,Recurrente,2
77,2023-02-09,156,Recurrente,2
77,2022-02-05,92,Recurrente,2
78,2022-11-09,120,Recurrente,5
78,2022-07-31,134,Recurrente,5
78,2023-01-09,115,Recurrente,5
78,2023-01-21,86,Recurrente,5
79,2024-07-15,173,Recurrente,2
79,2022-11-19,33,Recurrente,2
79,2023-04-29,176,Recurrente,2
79,2022-10-06,198,Recurrente,2
80,2022-12-14,158,Recurrente,5
80,2024-09-25,36,Recurrente,5
80,2022-05-03,124,Recurrente,5
80,2022-02-16,41,Recurrente,5
81,2022-01-01,73,Nuevo,2
81,2023-08-30,186,Nuevo,2
82,2024-06-15,109,Recurrente,2
83,2023-12-19,43,Recurrente,1
83,2024-04-29,135,Recurrente,1
83,2022-02-28,37,Recurrente,1
83,2024-11-24,174,Recurrente,1
84,2023-02-17,101,Nuevo,4
84,2022-02-26,78,Nuevo,4
85,2024-03-25,20,Recurrente,2
85,2022-07-25,31,Recurrente,2
85,2022-11-02,160,Recurrente,2
85,2023-11-12,62,Recurrente,2
86,2023-09-10,10,Recurrente,4
87,2024-01-11,186,Nuevo,5
87,2024-07-12,166,Nuevo,5
87,2023-08-02,83,Nuevo,5
87,2023-12-08,20,Nuevo,5
88,2023-04-12,46,Nuevo,1
88,2022-07-15,157,Nuevo,1
89,2024-11-24,120,Nuevo,4
89,2023-03-28,70,Nuevo,4
90,2024-11-15,46,Nuevo,1
90,2023-04-14,135,Nuevo,1
90,2023-05-22,168,Nuevo,1
90,2022-09-30,42,Nuevo,1
91,2024-05-18,22,Recurrente,3
92,2023-06-21,162,Recurrente,3
92,2023-06-10,165,Recurrente,3
92,2024-12-25,144,Recurrente,3
92,2023-04-16,155,Recurrente,3
93,2023-09-18,171,Nuevo,1
93,2024-05-21,76,Nuevo,1
93,2023-12-27,16,Nuevo,1
93,2024-08-25,139,Nuevo,1
94,2024-01-14,51,Recurrente,2
94,2022-05-01,140,Recurrente,2
94,2024-11-07,170,Recurrente,2
95,2022-02-28,159,Nuevo,4
95,2024-03-24,114,Nuevo,4
95,2024-11-22,60,Nuevo,4
95,2022-04-09,120,Nuevo,4
96,2023-05-05,19,Recurrente,4
96,2023-09-29,120,Recurrente,4
96,2022-12-02,76,Recurrente,4
97,2023-08-06,121,Recurrente,1
98,2023-07-26,52,Nuevo,3
98,2023-05-14,176,Nuevo,3
98,2023-01-10,155,Nuevo,3
99,2023-07-05,64,Recurrente,5
99,2022-08-31,48,Recurrente,5
100,2024-04-05,91,Nuevo,2
101,2024-09-22,89,Recurrente,1
101,2024-04-04,19,Recurrente,1
102,2022-05-16,36,Nuevo,3
102,2024-03-30,194,Nuevo,3
103,2024-03-24,106,Recurrente,1
103,2024-08-17,180,Recurrente,1
104,2022-07-04,174,Nuevo,3
104,2022-07-16,162,Nuevo,3
105,2024-12-19,11,Recurrente,1
106,2023-10-31,22,Nuevo,1
107,2024-05-07,124,Recurrente,5
108,2023-12-04,193,Recurrente,5
108,2022-12-22,198,Recurrente,5
108,2024-10-31,30,Recurrente,5
108,2022-11-18,46,Recurrente,5
109,2023-12-02,195,Nuevo,3
109,2024-12-22,140,Nuevo,3
110,2023-11-08,46,Recurrente,1
110,2024-02-25,115,Recurrente,1
110,2022-02-17,32,Recurrente,1
111,2024-08-26,122,Nuevo,5
112,2022-02-13,174,Recurrente,3
112,2023-08-20,174,Recurrente,3
112,2023-11-01,97,Recurrente,3
113,2024-04-17,173,Recurrente,4
114,2022-09-21,82,Nuevo,4
114,2023-08-23,55,Nuevo,4
114,2022-12-20,48,Nuevo,4
115,2024-08-09,84,Recurrente,5
115,2023-01-31,157,Recurrente,5
115,2023-07-25,11,Recurrente,5
116,2022-08-17,28,Nuevo,3
117,2022-03-31,140,Recurrente,1
117,2022-02-12,56,Recurrente,1
117,2024-02-19,30,Recurrente,1
118,2023-03-05,159,Nuevo,1
119,2023-12-10,148,Recurrente,2
119,2022-07-14,94,Recurrente,2
119,2023-01-03,117,Recurrente,2
120,2022-09-17,189,Recurrente,5
120,2024-12-12,180,Recurrente,5
120,2022-02-10,11,Recurrente,5
120,2023-12-14,175,Recurrente,5
121,2022-01-07,29,Recurrente,4
121,2022-09-20,63,Recurrente,4
122,2022-08-26,153,Nuevo,1
123,2024-08-04,173,Recurrente,1
123,2024-03-21,162,Recurrente,1
123,2023-10-19,122,Recurrente,1
123,2024-10-25,159,Recurrente,1
124,2024-04-16,75,Nuevo,1
124,2022-05-30,168,Nuevo,1
124,2024-06-11,50,Nuevo,1
124,2024-08-21,151,Nuevo,1
125,2023-06-25,58,Nuevo,5
125,2024-09-08,161,Nuevo,5
126,2024-10-08,170,Nuevo,3
126,2024-04-22,148,Nuevo,3
126,2024-05-30,140,Nuevo,3
126,2022-01-11,105,Nuevo,3
127,2022-08-21,49,Recurrente,4
127,2024-02-19,24,Recurrente,4
127,2023-09-11,136,Recurrente,4
128,2024-10-29,109,Nuevo,3
129,2022-02-17,122,Nuevo,2
129,2024-03-29,18,Nuevo,2
130,2023-01-31,101,Nuevo,1
130,2024-12-08,78,Nuevo,1
130,2022-03-26,81,Nuevo,1
130,2023-12-30,146,Nuevo,1
131,2022-03-10,193,Recurrente,2
131,2023-12-29,170,Recurrente,2
131,2024-03-26,18,Recurrente,2
132,2022-03-13,145,Recurrente,4
132,2023-11-03,88,Recurrente,4
133,2024-07-11,95,Recurrente,3
133,2023-08-09,62,Recurrente,3
134,2023-03-29,73,Recurrente,5
134,2024-01-12,39,Recurrente,5
134,2022-07-21,127,Recurrente,5
135,2022-07-07,125,Recurrente,5
135,2022-09-02,116,Recurrente,5
136,2024-01-17,175,Recurrente,3
137,2022-03-20,98,Nuevo,3
138,2023-10-03,95,Recurrente,1
138,2024-01-25,50,Recurrente,1
139,2024-10-19,72,Nuevo,3
139,2023-06-17,65,Nuevo,3
139,2023-10-08,90,Nuevo,3
139,2023-05-31,90,Nuevo,3
140,2024-08-08,178,Recurrente,4
140,2022-04-26,178,Recurrente,4
141,2024-10-28,80,Nuevo,5
142,2023-10-06,162,Nuevo,3
142,2024-08-06,148,Nuevo,3
142,2023-10-31,149,Nuevo,3
143,2023-10-07,17,Recurrente,2
143,2022-04-08,196,Recurrente,2
143,2024-05-20,125,Recurrente,2
143,2023-08-14,105,Recurrente,2
144,2022-07-25,10,Recurrente,3
144,2024-05-10,181,Recurrente,3
145,2022-12-08,65,Nuevo,1
145,2024-03-03,17,Nuevo,1
146,2024-12-03,59,Nuevo,2
146,2023-11-07,154,Nuevo,2
147,2024-02-14,116,Recurrente,5
147,2022-08-17,96,Recurrente,5
148,2024-12-14,118,Nuevo,1
148,2023-04-03,66,Nuevo,1
148,2022-09-20,183,Nuevo,1
148,2023-01-10,20,Nuevo,1
149,2022-03-21,137,Nuevo,2
149,2023-09-09,22,Nuevo,2
149,2023-06-12,119,Nuevo,2
150,2023-10-24,35,Nuevo,5
150,2024-09-08,161,Nuevo,5
151,2023-02-11,147,Recurrente,1
151,2022-10-07,87,Recurrente,1
151,2023-08-21,193,Recurrente,1
152,2023-09-16,91,Nuevo,3
152,2022-02-09,178,Nuevo,3
153,2022-08-14,33,Recurrente,4
153,2022-11-05,154,Recurrente,4
154,2024-06-01,167,Recurrente,5
154,2023-02-19,164,Recurrente,5
155,2023-05-30,93,Recurrente,1
155,2023-09-29,69,Recurrente,1
155,2022-09-18,105,Recurrente,1
156,2022-06-01,139,Nuevo,3
156,2024-12-09,18,Nuevo,3
156,2024-04-21,113,Nuevo,3
157,2024-10-20,93,Nuevo,4
158,2024-01-17,54,Recurrente,2
158,2023-06-04,162,Recurrente,2
159,2022-10-24,128,Nuevo,1
159,2022-05-17,47,Nuevo,1
159,2023-01-26,184,Nuevo,1
159,2022-03-09,62,Nuevo,1
160,2024-09-06,140,Recurrente,4
160,2023-05-23,26,Recurrente,4
160,2022-11-09,22,Recurrente,4
160,2023-09-05,13,Recurrente,4
161,2022-07-17,53,Nuevo,1
162,2024-11-16,125,Recurrente,2
162,2024-04-09,95,Recurrente,2
162,2022-07-04,81,Recurrente,2
163,2023-02-14,65,Recurrente,2
163,2022-01-23,113,Recurrente,2
164,2024-12-18,174,Recurrente,2
164,2024-11-04,114,Recurrente,2
164,2022-06-08,32,Recurrente,2
165,2024-09-07,27,Recurrente,5
166,2022-01-21,28,Nuevo,1
167,2022-10-03,111,Nuevo,1
167,2023-03-25,175,Nuevo,1
167,2024-12-17,178,Nuevo,1
167,2024-04-29,14,Nuevo,1
168,2024-11-22,164,Recurrente,5
168,2022-08-29,85,Recurrente,5
168,2022-11-30,15,Recurrente,5
169,2024-10-21,92,Recurrente,3
169,2024-02-11,147,Recurrente,3
170,2023-09-07,21,Recurrente,2
171,2023-02-05,129,Recurrente,5
171,2023-01-24,133,Recurrente,5
171,2024-03-17,107,Recurrente,5
172,2024-08-26,125,Recurrente,3
172,2024-03-04,112,Recurrente,3
173,2023-01-25,197,Recurrente,1
174,2023-10-05,88,Nuevo,4
174,2023-11-11,25,Nuevo,4
175,2024-05-29,161,Nuevo,1
175,2023-09-04,174,Nuevo,1
176,2023-11-09,26,Recurrente,1
176,2022-03-14,145,Recurrente,1
177,2023-08-30,135,Nuevo,1
177,2022-08-16,50,Nuevo,1
177,2023-12-08,58,Nuevo,1
178,2024-01-22,127,Nuevo,1
178,2022-11-18,24,Nuevo,1
178,2022-11-18,132,Nuevo,1
179,2023-06-16,154,Nuevo,2
179,2023-03-17,50,Nuevo,2
180,2023-06-26,13,Nuevo,4
180,2024-11-10,151,Nuevo,4
180,2022-08-01,130,Nuevo,4
180,2024-05-31,135,Nuevo,4
181,2023-09-04,128,Nuevo,5
181,2022-02-04,189,Nuevo,5
181,2023-05-03,192,Nuevo,5
181,2023-10-12,130,Nuevo,5
182,2023-12-29,35,Recurrente,5
182,2022-02-18,33,Recurrente,5
182,2023-12-07,27,Recurrente,5
182,2023-10-22,32,Recurrente,5
183,2023-04-22,54,Nuevo,4
183,2023-03-02,38,Nuevo,4
184,2024-03-26,199,Recurrente,5
184,2023-04-22,32,Recurrente,5
184,2024-12-18,160,Recurrente,5
184,2024-08-05,118,Recurrente,5
185,2022-08-03,185,Recurrente,5
185,2023-04-20,66,Recurrente,5
185,2022-12-29,63,Recurrente,5
185,2023-06-17,117,Recurrente,5
186,2024-06-08,78,Recurrente,2
186,2024-11-19,142,Recurrente,2
186,2024-07-10,187,Recurrente,2
186,2024-08-30,152,Recurrente,2
187,2022-05-02,33,Nuevo,5
187,2023-03-10,96,Nuevo,5
187,2022-02-04,99,Nuevo,5
188,2022-03-16,106,Recurrente,4
189,2023-06-02,59,Recurrente,4
190,2022-03-15,152,Nuevo,4
190,2022-03-18,55,Nuevo,4
191,2023-11-22,145,Recurrente,3
191,2024-03-28,128,Recurrente,3
191,2022-07-17,37,Recurrente,3
192,2023-06-17,76,Nuevo,4
193,2023-01-16,37,Recurrente,3
194,2023-01-25,116,Nuevo,3
194,2022-07-19,148,Nuevo,3
195,2023-10-13,153,Recurrente,3
196,2024-06-26,75,Nuevo,1
197,2022-11-19,180,Recurrente,5
197,2024-06-26,153,Recurrente,5
198,2023-04-08,113,Nuevo,1
198,2023-03-07,183,Nuevo,1
198,2022-02-10,69,Nuevo,1
199,2024-07-25,181,Recurrente,5
199,2022-01-25,171,Recurrente,5
199,2023-05-12,182,Recurrente,5
199,2022-03-05,31,Recurrente,5
200,2022-05-14,189,Recurrente,3
200,2024-01-01,176,Recurrente,3
200,2022-01-26,15,Recurrente,3
200,2022-01-28,135,Recurrente,3
201,2024-10-28,86,Nuevo,1
201,2024-05-06,92,Nuevo,1
202,2024-07-12,194,Recurrente,3
203,2022-10-21,12,Recurrente,4
203,2022-03-10,75,Recurrente,4
203,2022-02-04,57,Recurrente,4
204,2022-12-07,72,Recurrente,1
204,2024-11-01,143,Recurrente,1
205,2022-03-06,15,Recurrente,3
205,2022-03-26,12,Recurrente,3
206,2022-05-02,16,Nuevo,1
207,2024-03-29,59,Recurrente,3
208,2024-06-23,122,Recurrente,2
209,2024-06-06,146,Recurrente,4
209,2023-11-27,65,Recurrente,4
209,2024-12-06,171,Recurrente,4
210,2024-11-28,108,Nuevo,2
210,2023-05-19,94,Nuevo,2
210,2022-02-20,34,Nuevo,2
211,2022-07-19,62,Nuevo,4
212,2022-01-06,53,Recurrente,3
212,2024-03-10,79,Recurrente,3
212,2023-02-09,46,Recurrente,3
213,2022-08-22,85,Recurrente,1
213,2023-12-31,74,Recurrente,1
214,2023-01-14,188,Nuevo,5
214,2023-02-21,150,Nuevo,5
214,2024-04-29,112,Nuevo,5
215,2024-02-17,166,Nuevo,3
215,2022-09-21,60,Nuevo,3
215,2022-06-30,120,Nuevo,3
216,2022-01-27,199,Recurrente,3
217,2022-05-21,69,Nuevo,3
217,2023-11-29,67,Nuevo,3
217,2022-08-30,170,Nuevo,3
217,2023-01-25,86,Nuevo,3
218,2022-12-15,51,Recurrente,1
218,2024-03-05,93,Recurrente,1
218,2022-03-01,61,Recurrente,1
218,2022-07-06,154,Recurrente,1
219,2022-01-19,186,Nuevo,2
219,2022-05-27,177,Nuevo,2
219,2024-07-11,92,Nuevo,2
220,2022-11-17,44,Recurrente,3
221,2024-09-30,47,Nuevo,5
221,2023-12-05,134,Nuevo,5
222,2022-05-21,185,Nuevo,3
222,2022-06-10,176,Nuevo,3
223,2024-01-26,27,Nuevo,3
223,2024-06-10,119,Nuevo,3
223,2023-06-08,182,Nuevo,3
223,2024-10-09,24,Nuevo,3
224,2024-11-07,178,Recurrente,2
224,2023-02-02,59,Recurrente,2
224,2024-02-02,164,Recurrente,2
224,2024-12-08,71,Recurrente,2
225,2022-01-01,112,Recurrente,2
225,2022-01-27,123,Recurrente,2
225,2023-07-28,102,Recurrente,2
226,2023-04-03,36,Recurrente,4
226,2024-03-09,79,Recurrente,4
226,2023-09-16,50,Recurrente,4
227,2024-03-01,45,Recurrente,4
227,2024-11-29,150,Recurrente,4
227,2022-08-02,129,Recurrente,4
227,2022-11-06,117,Recurrente,4
228,2022-03-03,147,Nuevo,4
228,2024-08-29,161,Nuevo,4
229,2023-05-06,125,Nuevo,3
230,2023-01-10,65,Nuevo,1
231,2023-12-14,168,Nuevo,4
232,2023-02-15,168,Recurrente,2
232,2024-03-30,197,Recurrente,2
232,2024-07-19,124,Recurrente,2
233,2024-12-06,105,Nuevo,5
233,2024-02-19,21,Nuevo,5
234,2023-01-04,61,Nuevo,2
235,2023-01-19,43,Recurrente,2
235,2022-12-18,32,Recurrente,2
235,2023-12-29,188,Recurrente,2
236,2024-01-02,82,Recurrente,2
236,2024-03-05,151,Recurrente,2
236,2022-01-08,108,Recurrente,2
237,2022-03-22,129,Recurrente,4
237,2023-04-16,110,Recurrente,4
238,2024-07-21,93,Nuevo,3
238,2024-03-17,120,Nuevo,3
238,2024-03-16,112,Nuevo,3
238,2024-07-15,112,Nuevo,3
239,2024-03-24,184,Recurrente,2
240,2022-06-01,198,Recurrente,5
240,2023-03-06,111,Recurrente,5
240,2023-10-10,118,Recurrente,5
241,2024-01-18,165,Recurrente,4
241,2024-04-11,116,Recurrente,4
241,2024-09-02,193,Recurrente,4
242,2023-01-08,133,Recurrente,2
242,2023-12-13,154,Recurrente,2
242,2022-03-17,152,Recurrente,2
242,2023-10-14,120,Recurrente,2
243,2023-06-21,132,Recurrente,3
243,2024-07-16,93,Recurrente,3
244,2023-03-20,167,Recurrente,4
244,2023-08-17,68,Recurrente,4
244,2024-05-25,175,Recurrente,4
244,2024-04-28,74,Recurrente,4
245,2023-03-27,46,Recurrente,5
245,2024-07-10,53,Recurrente,5
246,2023-03-13,139,Nuevo,1
246,2023-12-28,177,Nuevo,1
246,2024-10-23,74,Nuevo,1
247,2023-08-11,88,Recurrente,2
247,2024-12-03,75,Recurrente,2
248,2022-02-07,10,Nuevo,5
248,2023-04-14,119,Nuevo,5
249,2022-01-04,101,Nuevo,3
249,2023-04-06,149,Nuevo,3
249,2022-04-26,116,Nuevo,3
250,2024-09-17,65,Nuevo,1
250,2024-08-18,184,Nuevo,1
251,2023-03-27,31,Nuevo,2
251,2024-10-02,85,Nuevo,2
252,2022-10-24,36,Recurrente,1
253,2024-08-12,57,Recurrente,5
253,2024-07-22,33,Recurrente,5
254,2024-08-05,105,Nuevo,4
254,2022-12-04,164,Nuevo,4
255,2023-04-18,57,Nuevo,4
255,2023-06-07,16,Nuevo,4
255,2022-06-26,194,Nuevo,4
256,2024-05-27,55,Nuevo,2
256,2024-07-07,120,Nuevo,2
256,2022-03-28,78,Nuevo,2
256,2024-10-23,111,Nuevo,2
257,2024-05-13,19,Recurrente,3
257,2022-11-26,42,Recurrente,3
258,2023-05-15,151,Nuevo,1
259,2024-06-30,107,Nuevo,4
259,2024-04-10,152,Nuevo,4
259,2022-03-06,115,Nuevo,4
260,2024-11-21,10,Nuevo,5
261,2023-02-26,110,Recurrente,2
262,2022-12-29,55,Nuevo,3
262,2023-05-26,151,Nuevo,3
262,2022-11-11,72,Nuevo,3
262,2024-07-15,110,Nuevo,3
263,2024-05-04,26,Nuevo,3
264,2023-01-22,155,Recurrente,2
265,2022-04-06,34,Nuevo,2
265,2023-05-01,167,Nuevo,2
265,2024-07-21,146,Nuevo,2
265,2023-03-20,174,Nuevo,2
266,2022-04-12,60,Nuevo,5
266,2023-11-21,127,Nuevo,5
267,2022-03-04,170,Recurrente,4
267,2023-07-21,75,Recurrente,4
267,2024-12-23,35,Recurrente,4
268,2024-11-11,40,Nuevo,4
269,2023-10-06,97,Recurrente,5
270,2024-09-14,136,Nuevo,1
270,2023-02-18,188,Nuevo,1
270,2022-01-08,36,Nuevo,1
271,2023-05-07,162,Recurrente,2
272,2022-06-12,198,Recurrente,3
273,2023-11-08,190,Nuevo,2
273,2023-05-23,113,Nuevo,2
273,2022-09-18,189,Nuevo,2
273,2022-05-18,138,Nuevo,2
274,2023-10-04,136,Nuevo,3
274,2024-02-21,184,Nuevo,3
274,2024-03-13,52,Nuevo,3
275,2024-10-18,31,Nuevo,4
275,2024-11-19,98,Nuevo,4
275,2024-07-11,143,Nuevo,4
276,2024-12-23,51,Recurrente,5
276,2022-05-27,108,Recurrente,5
277,2023-11-15,143,Nuevo,4
277,2023-02-28,109,Nuevo,4
277,2023-02-07,96,Nuevo,4
278,2024-01-10,30,Recurrente,3
278,2022-05-10,21,Recurrente,3
278,2022-03-24,196,Recurrente,3
279,2024-08-27,136,Nuevo,2
279,2023-11-05,178,Nuevo,2
280,2022-05-10,93,Recurrente,1
280,2024-07-16,40,Recurrente,1
280,2024-11-01,186,Recurrente,1
281,2022-12-20,136,Nuevo,5
282,2023-09-03,79,Recurrente,3
282,2024-08-03,35,Recurrente,3
283,2024-09-14,53,Recurrente,3
284,2024-11-13,144,Recurrente,3
284,2024-06-19,14,Recurrente,3
284,2022-07-03,58,Recurrente,3
285,2024-07-05,135,Nuevo,1
285,2022-01-30,68,Nuevo,1
285,2024-05-02,63,Nuevo,1
285,2024-09-08,137,Nuevo,1
286,2023-10-23,71,Nuevo,4
287,2023-03-17,56,Nuevo,2
288,2022-09-20,25,Nuevo,5
288,2023-06-22,163,Nuevo,5
288,2024-05-24,125,Nuevo,5
289,2023-10-29,43,Nuevo,2
289,2022-03-30,124,Nuevo,2
289,2023-11-20,38,Nuevo,2
290,2023-03-15,19,Nuevo,5
290,2023-12-05,185,Nuevo,5
290,2024-09-30,19,Nuevo,5
290,2023-04-21,102,Nuevo,5
291,2023-01-15,56,Recurrente,4
291,2024-09-21,20,Recurrente,4
291,2024-03-12,36,Recurrente,4
292,2023-01-02,167,Nuevo,1
292,2023-01-08,27,Nuevo,1
293,2022-03-08,96,Recurrente,5
293,2022-06-28,64,Recurrente,5
294,2024-09-25,110,Nuevo,1
294,2022-10-30,160,Nuevo,1
295,2022-11-13,194,Recurrente,4
295,2022-09-28,50,Recurrente,4
296,2023-03-04,139,Nuevo,4
296,2024-09-12,67,Nuevo,4
296,2022-07-07,29,Nuevo,4
297,2022-06-03,31,Recurrente,2
298,2023-03-05,10,Recurrente,5
298,2023-05-24,34,Recurrente,5
298,2022-07-19,56,Recurrente,5
299,2023-06-06,16,Recurrente,1
299,2023-04-11,121,Recurrente,1
299,2024-06-17,159,Recurrente,1
300,2023-01-11,51,Nuevo,1
300,2023-03-21,132,Nuevo,1
300,2024-09-25,133,Nuevo,1
300,2022-04-07,51,Nuevo,1
301,2024-04-16,114,Recurrente,2
301,2022-07-13,64,Recurrente,2
301,2023-01-05,60,Recurrente,2
302,2022-07-13,78,Recurrente,3
302,2023-09-23,122,Recurrente,3
303,2023-07-17,108,Nuevo,4
303,2023-10-27,183,Nuevo,4
303,2024-07-27,14,Nuevo,4
303,2023-05-09,88,Nuevo,4
304,2023-03-13,66,Nuevo,1
304,2022-01-31,73,Nuevo,1
304,2024-07-15,110,Nuevo,1
304,2024-12-27,154,Nuevo,1
305,2024-09-15,10,Nuevo,1
305,2022-06-11,143,Nuevo,1
305,2024-06-01,91,Nuevo,1
306,2023-06-07,115,Recurrente,3
306,2023-10-30,86,Recurrente,3
306,2024-01-30,75,Recurrente,3
307,2022-01-31,44,Recurrente,2
308,2024-11-05,60,Recurrente,3
308,2023-05-20,127,Recurrente,3
308,2023-12-17,24,Recurrente,3
309,2023-03-05,85,Nuevo,4
309,2022-01-23,120,Nuevo,4
309,2023-01-30,10,Nuevo,4
309,2024-12-14,194,Nuevo,4
310,2024-06-21,165,Recurrente,4
310,2024-08-06,18,Recurrente,4
311,2024-02-27,14,Recurrente,5
312,2022-01-07,18,Nuevo,2
312,2022-05-08,192,Nuevo,2
313,2022-03-13,100,Nuevo,2
314,2022-02-17,76,Nuevo,5
314,2024-12-25,44,Nuevo,5
314,2023-09-03,104,Nuevo,5
314,2024-10-02,98,Nuevo,5
315,2022-04-20,113,Recurrente,3
315,2024-04-21,136,Recurrente,3
316,2024-06-15,114,Recurrente,5
317,2024-01-13,93,Nuevo,2
317,2023-02-09,188,Nuevo,2
317,2023-11-11,86,Nuevo,2
318,2024-06-10,94,Nuevo,2
318,2022-01-19,93,Nuevo,2
319,2023-08-18,88,Nuevo,1
319,2024-08-16,56,Nuevo,1
319,2022-10-16,107,Nuevo,1
320,2022-10-07,106,Recurrente,3
320,2023-08-30,173,Recurrente,3
320,2024-11-15,64,Recurrente,3
320,2022-09-11,92,Recurrente,3
321,2024-10-24,165,Recurrente,1
321,2023-02-26,91,Recurrente,1
321,2023-08-15,48,Recurrente,1
321,2024-09-19,157,Recurrente,1
322,2024-01-03,10,Nuevo,2
322,2022-03-17,80,Nuevo,2
322,2024-06-18,198,Nuevo,2
322,2022-08-01,112,Nuevo,2
323,2024-04-03,199,Recurrente,1
323,2022-02-14,167,Recurrente,1
323,2024-11-09,62,Recurrente,1
323,2022-08-09,81,Recurrente,1
324,2024-12-06,194,Nuevo,1
324,2023-07-28,68,Nuevo,1
325,2023-09-09,64,Nuevo,5
325,2024-08-10,128,Nuevo,5
326,2022-10-13,186,Recurrente,5
326,2024-11-23,141,Recurrente,5
326,2024-12-06,135,Recurrente,5
326,2023-11-07,32,Recurrente,5
327,2022-04-19,117,Nuevo,4
327,2024-07-06,13,Nuevo,4
328,2022-02-21,88,Recurrente,4
328,2022-04-02,142,Recurrente,4
328,2022-10-29,177,Recurrente,4
329,2022-04-12,147,Recurrente,2
329,2024-07-05,52,Recurrente,2
330,2024-02-14,130,Nuevo,4
330,2022-03-04,133,Nuevo,4
330,2023-01-04,41,Nuevo,4
330,2022-05-14,23,Nuevo,4
331,2024-11-21,67,Recurrente,2
331,2024-12-28,23,Recurrente,2
331,2022-09-03,175,Recurrente,2
332,2024-10-13,152,Nuevo,3
332,2022-08-13,115,Nuevo,3
333,2023-11-10,52,Recurrente,2
333,2024-06-28,33,Recurrente,2
333,2024-06-16,12,Recurrente,2
333,2023-08-13,135,Recurrente,2
334,2022-02-03,128,Nuevo,5
334,2022-02-23,50,Nuevo,5
334,2024-05-26,165,Nuevo,5
334,2023-04-26,151,Nuevo,5
335,2022-10-21,174,Nuevo,3
336,2024-12-25,114,Recurrente,2
336,2023-12-19,21,Recurrente,2
337,2022-07-28,46,Nuevo,4
337,2024-10-19,79,Nuevo,4
337,2022-04-22,137,Nuevo,4
337,2024-01-11,96,Nuevo,4
338,2022-02-07,115,Nuevo,4
338,2023-12-17,46,Nuevo,4
338,2023-09-20,199,Nuevo,4
339,2023-08-14,177,Nuevo,5
339,2023-11-04,57,Nuevo,5
339,2024-08-08,135,Nuevo,5
340,2022-09-08,125,Recurrente,2
341,2024-05-09,157,Recurrente,1
342,2023-07-21,85,Recurrente,1
342,2024-11-28,66,Recurrente,1
342,2023-06-16,127,Recurrente,1
343,2024-12-16,182,Nuevo,4
344,2024-03-31,172,Nuevo,2
344,2024-10-27,164,Nuevo,2
344,2023-02-12,114,Nuevo,2
344,2024-08-07,25,Nuevo,2
345,2022-03-07,141,Recurrente,2
346,2023-06-18,20,Recurrente,3
346,2023-03-30,146,Recurrente,3
347,2024-04-24,115,Recurrente,2
347,2023-01-20,49,Recurrente,2
348,2022-11-07,97,Recurrente,5
348,2024-07-06,126,Recurrente,5
349,2024-12-31,71,Nuevo,5
349,2022-04-13,162,Nuevo,5
349,2023-10-16,168,Nuevo,5
349,2024-08-12,31,Nuevo,5
350,2023-03-16,133,Recurrente,2
350,2023-03-30,132,Recurrente,2
351,2022-06-16,46,Recurrente,3
352,2022-08-31,190,Recurrente,5
352,2024-12-28,82,Recurrente,5
352,2023-06-30,48,Recurrente,5
353,2024-04-27,38,Recurrente,5
353,2023-05-23,127,Recurrente,5
354,2023-10-08,187,Nuevo,4
355,2023-07-17,141,Recurrente,2
355,2022-08-17,12,Recurrente,2
355,2022-04-24,112,Recurrente,2
356,2024-11-22,35,Nuevo,1
356,2024-02-12,152,Nuevo,1
356,2023-12-07,140,Nuevo,1
356,2022-05-24,67,Nuevo,1
357,2022-04-19,102,Nuevo,3
357,2024-07-04,55,Nuevo,3
357,2022-08-17,147,Nuevo,3
357,2022-09-13,79,Nuevo,3
358,2023-02-04,123,Nuevo,2
358,2022-08-16,89,Nuevo,2
359,2023-06-30,152,Nuevo,4
359,2024-04-12,159,Nuevo,4
359,2024-08-09,127,Nuevo,4
359,2024-10-25,65,Nuevo,4
360,2024-12-21,58,Nuevo,2
360,2022-07-27,185,Nuevo,2
360,2024-05-17,165,Nuevo,2
361,2023-08-17,127,Recurrente,4
361,2023-08-14,32,Recurrente,4
362,2022-02-22,180,Recurrente,4
362,2023-08-23,17,Recurrente,4
362,2022-08-25,55,Recurrente,4
362,2023-12-02,15,Recurrente,4
363,2022-09-12,20,Recurrente,2
363,2024-03-06,181,Recurrente,2
363,2023-10-13,80,Recurrente,2
364,2022-04-03,198,Nuevo,2
364,2022-12-02,160,Nuevo,2
365,2022-01-18,40,Recurrente,4
366,2023-01-11,92,Nuevo,3
366,2023-04-28,163,Nuevo,3
366,2024-06-03,104,Nuevo,3
367,2024-03-04,132,Recurrente,3
368,2023-02-18,34,Recurrente,5
369,2023-12-16,90,Nuevo,5
370,2024-04-01,34,Recurrente,3
371,2023-01-06,185,Nuevo,1
372,2023-08-14,118,Nuevo,2
372,2024-05-30,58,Nuevo,2
372,2024-06-23,92,Nuevo,2
373,2023-06-06,178,Recurrente,3
374,2024-10-29,32,Recurrente,3
375,2024-05-19,29,Nuevo,5
375,2023-11-22,193,Nuevo,5
375,2024-04-23,27,Nuevo,5
376,2023-02-02,172,Nuevo,5
376,2023-06-10,162,Nuevo,5
376,2022-10-19,185,Nuevo,5
376,2024-09-16,161,Nuevo,5
377,2023-04-03,14,Nuevo,3
377,2023-06-17,173,Nuevo,3
377,2023-08-22,15,Nuevo,3
377,2024-07-17,163,Nuevo,3
378,2023-09-23,116,Recurrente,3
378,2023-05-10,40,Recurrente,3
379,2024-04-30,182,Recurrente,4
379,2023-07-30,105,Recurrente,4
380,2022-04-02,199,Nuevo,4
381,2023-10-30,136,Recurrente,3
381,2024-06-28,23,Recurrente,3
381,2023-06-11,171,Recurrente,3
382,2022-03-13,25,Nuevo,5
382,2022-02-04,175,Nuevo,5
382,2023-12-22,194,Nuevo,5
382,2022-09-16,170,Nuevo,5
383,2024-11-23,32,Recurrente,4
384,2022-01-02,43,Nuevo,5
385,2022-07-15,28,Recurrente,5
385,2024-09-28,13,Recurrente,5
385,2024-04-23,58,Recurrente,5
385,2023-10-28,45,Recurrente,5
386,2023-08-20,32,Nuevo,1
386,2024-09-15,54,Nuevo,1
386,2023-03-28,55,Nuevo,1
387,2024-05-24,103,Nuevo,5
387,2024-05-14,98,Nuevo,5
387,2023-04-02,111,Nuevo,5
388,2023-02-28,37,Nuevo,3
388,2024-09-04,93,Nuevo,3
388,2024-09-07,161,Nuevo,3
388,2022-03-22,44,Nuevo,3
389,2023-06-21,156,Recurrente,1
390,2024-04-03,142,Recurrente,5
391,2024-02-27,13,Nuevo,1
391,2022-03-01,66,Nuevo,1
391,2022-09-22,107,Nuevo,1
392,2022-11-08,140,Recurrente,2
392,2023-09-07,162,Recurrente,2
393,2022-10-14,181,Recurrente,3
394,2023-10-21,63,Nuevo,2
394,2022-10-03,125,Nuevo,2
394,2024-12-22,18,Nuevo,2
394,2023-08-03,137,Nuevo,2
395,2022-02-27,108,Nuevo,4
395,2022-08-02,134,Nuevo,4
396,2024-06-13,162,Nuevo,4
396,2024-10-06,32,Nuevo,4
396,2024-10-16,111,Nuevo,4
396,2022-05-26,126,Nuevo,4
397,2024-05-19,147,Nuevo,4
397,2024-08-02,118,Nuevo,4
397,2022-06-22,38,Nuevo,4
397,2024-10-28,171,Nuevo,4
398,2023-06-17,120,Recurrente,3
398,2024-05-21,107,Recurrente,3
399,2022-03-05,194,Nuevo,3
399,2022-03-29,152,Nuevo,3
399,2023-03-14,187,Nuevo,3
400,2023-09-20,183,Recurrente,5
401,2022-12-03,62,Recurrente,2
401,2023-05-22,75,Recurrente,2
401,2024-11-12,87,Recurrente,2
402,2023-04-12,137,Nuevo,5
402,2023-09-21,17,Nuevo,5
403,2024-02-05,58,Recurrente,2
404,2022-08-05,27,Nuevo,5
404,2024-05-22,52,Nuevo,5
404,2024-11-12,177,Nuevo,5
405,2024-06-23,67,Nuevo,2
405,2023-04-05,20,Nuevo,2
406,2024-03-05,52,Nuevo,1
406,2023-10-20,57,Nuevo,1
406,2022-08-13,58,Nuevo,1
406,2024-12-23,127,Nuevo,1
407,2023-09-12,197,Recurrente,4
408,2022-09-14,75,Nuevo,2
408,2023-02-08,121,Nuevo,2
409,2022-06-06,157,Nuevo,5
409,2023-05-12,60,Nuevo,5
410,2022-03-05,80,Nuevo,3
410,2024-11-27,75,Nuevo,3
410,2023-11-10,101,Nuevo,3
411,2023-02-05,101,Recurrente,5
411,2024-07-13,188,Recurrente,5
411,2024-02-25,184,Recurrente,5
412,2022-10-23,187,Nuevo,3
412,2023-10-09,167,Nuevo,3
412,2024-10-25,39,Nuevo,3
413,2022-08-28,68,Nuevo,2
414,2024-06-23,161,Nuevo,4
414,2022-12-22,82,Nuevo,4
415,2022-06-16,189,Recurrente,5
415,2023-04-17,153,Recurrente,5
416,2024-11-12,71,Recurrente,1
416,2024-01-20,157,Recurrente,1
416,2024-02-11,51,Recurrente,1
416,2024-07-20,158,Recurrente,1
417,2022-03-20,72,Nuevo,1
417,2023-12-27,142,Nuevo,1
418,2023-08-28,100,Recurrente,3
419,2023-01-27,143,Recurrente,3
420,2023-10-08,34,Recurrente,5
420,2024-05-03,162,Recurrente,5
420,2022-09-29,167,Recurrente,5
421,2024-09-16,181,Nuevo,1
421,2024-04-15,81,Nuevo,1
421,2022-06-25,129,Nuevo,1
422,2023-07-27,25,Nuevo,4
422,2022-05-02,132,Nuevo,4
422,2024-06-08,164,Nuevo,4
423,2024-06-05,101,Recurrente,4
423,2023-07-15,62,Recurrente,4
423,2022-07-28,107,Recurrente,4
424,2023-04-17,22,Nuevo,5
424,2023-03-11,163,Nuevo,5
424,2022-11-18,136,Nuevo,5
424,2022-12-17,148,Nuevo,5
425,2022-07-08,100,Recurrente,1
425,2023-08-25,72,Recurrente,1
425,2023-09-21,101,Recurrente,1
426,2022-11-28,165,Nuevo,2
427,2024-02-16,112,Recurrente,5
427,2023-02-20,108,Recurrente,5
427,2022-01-12,31,Recurrente,5
427,2023-01-29,93,Recurrente,5
428,2024-07-21,113,Nuevo,1
429,2023-01-02,143,Nuevo,4
429,2024-02-17,81,Nuevo,4
430,2023-05-21,41,Nuevo,5
430,2022-03-27,136,Nuevo,5
431,2024-05-07,92,Nuevo,5
432,2022-07-06,15,Recurrente,3
433,2022-04-11,92,Recurrente,1
433,2024-12-07,39,Recurrente,1
434,2023-10-03,10,Recurrente,5
435,2022-09-14,107,Recurrente,3
436,2024-07-23,169,Recurrente,4
436,2024-04-01,45,Recurrente,4
436,2023-11-20,151,Recurrente,4
437,2022-11-10,33,Nuevo,3
437,2024-02-12,80,Nuevo,3
437,2023-01-08,91,Nuevo,3
438,2023-01-17,187,Recurrente,5
438,2023-04-25,40,Recurrente,5
438,2023-10-20,52,Recurrente,5
439,2024-05-20,161,Nuevo,1
440,2024-07-24,180,Recurrente,5
440,2023-10-05,170,Recurrente,5
441,2024-12-31,121,Nuevo,3
441,2024-09-09,168,Nuevo,3
441,2023-03-27,168,Nuevo,3
441,2024-09-20,171,Nuevo,3
442,2024-03-19,183,Nuevo,1
442,2022-09-15,168,Nuevo,1
442,2023-05-30,137,Nuevo,1
443,2023-12-05,199,Nuevo,1
444,2023-05-26,150,Recurrente,4
444,2022-08-24,198,Recurrente,4
444,2024-11-29,15,Recurrente,4
445,2023-05-06,122,Recurrente,4
445,2024-05-01,115,Recurrente,4
445,2023-05-29,66,Recurrente,4
445,2022-03-24,31,Recurrente,4
446,2022-01-19,164,Nuevo,1
446,2023-05-22,185,Nuevo,1
446,2024-04-07,61,Nuevo,1
446,2024-03-20,58,Nuevo,1
447,2022-09-05,135,Recurrente,4
447,2022-10-21,159,Recurrente,4
448,2024-01-05,64,Recurrente,1
448,2022-10-06,88,Recurrente,1
448,2022-05-04,24,Recurrente,1
449,2024-06-14,17,Nuevo,2
449,2024-12-25,187,Nuevo,2
449,2023-10-12,174,Nuevo,2
450,2023-05-29,126,Nuevo,4
450,2023-09-17,122,Nuevo,4
450,2023-02-26,20,Nuevo,4
451,2022-11-30,51,Recurrente,2
451,2023-09-25,56,Recurrente,2
451,2023-08-05,90,Recurrente,2
452,2024-09-24,116,Recurrente,2
452,2022-11-27,125,Recurrente,2
452,2023-04-22,57,Recurrente,2
453,2023-02-27,66,Nuevo,3
453,2024-10-27,33,Nuevo,3
453,2023-05-14,107,Nuevo,3
453,2022-03-19,166,Nuevo,3
454,2023-09-18,33,Nuevo,1
455,2022-02-02,139,Recurrente,2
455,2024-09-16,130,Recurrente,2
455,2022-07-06,90,Recurrente,2
456,2024-02-11,189,Nuevo,3
456,2024-12-10,84,Nuevo,3
456,2023-05-26,89,Nuevo,3
456,2022-06-01,54,Nuevo,3
457,2024-11-17,102,Nuevo,1
458,2022-12-28,66,Recurrente,3
458,2022-01-06,90,Recurrente,3
458,2022-06-10,26,Recurrente,3
459,2022-11-16,19,Nuevo,5
459,2024-02-07,42,Nuevo,5
459,2024-10-28,117,Nuevo,5
459,2022-02-08,95,Nuevo,5
460,2023-04-13,77,Nuevo,1
460,2023-03-12,118,Nuevo,1
461,2023-06-08,182,Nuevo,2
461,2024-03-13,185,Nuevo,2
462,2022-09-01,192,Recurrente,5
463,2024-09-28,170,Nuevo,1
463,2023-10-08,147,Nuevo,1
463,2023-08-07,190,Nuevo,1
463,2022-05-16,67,Nuevo,1
464,2023-09-09,150,Nuevo,5
464,2023-06-22,166,Nuevo,5
464,2023-09-10,197,Nuevo,5
465,2022-09-25,44,Nuevo,4
466,2023-05-18,21,Nuevo,4
466,2022-09-12,97,Nuevo,4
466,2024-10-06,53,Nuevo,4
467,2023-11-02,136,Nuevo,5
468,2023-07-01,169,Nuevo,4
468,2023-05-13,129,Nuevo,4
469,2022-09-13,166,Nuevo,2
470,2024-04-15,184,Recurrente,4
470,2023-10-18,62,Recurrente,4
470,2023-08-06,44,Recurrente,4
471,2022-01-20,96,Nuevo,2
471,2024-08-04,58,Nuevo,2
472,2024-12-08,39,Nuevo,5
472,2024-11-24,183,Nuevo,5
472,2022-07-02,71,Nuevo,5
473,2022-11-18,46,Nuevo,1
473,2022-03-04,124,Nuevo,1
473,2023-08-06,176,Nuevo,1
473,2024-01-11,10,Nuevo,1
474,2024-09-03,72,Nuevo,5
474,2022-04-02,153,Nuevo,5
474,2022-07-28,96,Nuevo,5
474,2024-12-24,158,Nuevo,5
475,2024-04-25,125,Recurrente,2
475,2022-03-18,151,Recurrente,2
475,2024-09-15,197,Recurrente,2
475,2023-01-04,124,Recurrente,2
476,2022-01-29,175,Nuevo,4
477,2024-06-28,152,Recurrente,1
478,2024-12-04,126,Recurrente,5
478,2024-07-18,158,Recurrente,5
479,2022-11-21,139,Recurrente,3
479,2024-05-11,66,Recurrente,3
479,2022-08-30,118,Recurrente,3
480,2024-12-22,112,Nuevo,1
480,2024-02-26,83,Nuevo,1
480,2022-06-18,18,Nuevo,1
480,2022-01-11,10,Nuevo,1
481,2022-11-05,133,Recurrente,4
482,2024-02-20,104,Nuevo,2
483,2024-03-04,158,Nuevo,4
483,2022-08-09,15,Nuevo,4
484,2022-06-05,146,Nuevo,3
484,2023-03-02,131,Nuevo,3
484,2022-10-11,29,Nuevo,3
484,2022-08-09,101,Nuevo,3
485,2022-04-02,143,Nuevo,3
485,2022-08-11,46,Nuevo,3
485,2023-04-02,159,Nuevo,3
486,2022-03-04,48,Recurrente,4
486,2024-06-29,65,Recurrente,4
486,2023-11-08,64,Recurrente,4
486,2022-05-23,60,Recurrente,4
487,2024-04-28,167,Recurrente,5
487,2023-08-21,177,Recurrente,5
488,2022-03-31,126,Recurrente,5
488,2024-03-27,36,Recurrente,5
488,2022-07-20,146,Recurrente,5
489,2024-02-28,18,Recurrente,1
489,2023-02-03,18,Recurrente,1
489,2024-12-24,25,Recurrente,1
490,2024-05-24,171,Recurrente,4
490,2022-02-10,53,Recurrente,4
490,2024-09-05,127,Recurrente,4
491,2022-01-26,139,Nuevo,5
491,2022-08-29,149,Nuevo,5
491,2024-04-19,143,Nuevo,5
492,2023-08-31,16,Nuevo,3
492,2022-09-23,97,Nuevo,3
492,2023-07-12,166,Nuevo,3
492,2023-04-08,62,Nuevo,3
493,2022-03-16,93,Recurrente,5
493,2022-04-14,188,Recurrente,5
494,2022-05-19,188,Recurrente,2
495,2022-05-15,163,Recurrente,2
495,2024-04-21,107,Recurrente,2
496,2023-09-02,177,Nuevo,5
497,2023-07-20,21,Nuevo,5
497,2022-08-18,152,Nuevo,5
497,2024-02-18,97,Nuevo,5
498,2024-05-18,72,Nuevo,5
498,2023-10-02,86,Nuevo,5
498,2023-02-09,94,Nuevo,5
499,2023-10-29,23,Nuevo,5
499,2024-10-12,10,Nuevo,5
500,2022-12-22,21,Recurrente,4
500,2023-03-26,37,Recurrente,4
500,2024-11-17,132,Recurrente,4
500,2024-02-03,110,Recurrente,4
501,2022-07-07,44,Nuevo,5
501,2022-07-13,199,Nuevo,5
501,2023-12-21,124,Nuevo,5
502,2023-07-23,17,Nuevo,5
503,2022-03-05,128,Recurrente,1
504,2024-09-07,129,Nuevo,1
504,2023-05-06,184,Nuevo,1
504,2023-03-15,91,Nuevo,1
505,2022-10-14,11,Nuevo,4
505,2023-06-10,93,Nuevo,4
505,2024-02-04,14,Nuevo,4
506,2022-06-06,85,Recurrente,3
506,2022-07-24,62,Recurrente,3
506,2024-06-29,72,Recurrente,3
507,2022-10-19,18,Recurrente,1
507,2022-03-15,165,Recurrente,1
507,2023-11-30,81,Recurrente,1
508,2023-08-30,36,Recurrente,5
509,2022-03-31,151,Nuevo,1
509,2022-11-06,88,Nuevo,1
509,2024-03-30,69,Nuevo,1
510,2022-12-18,131,Recurrente,3
510,2024-07-23,71,Recurrente,3
510,2022-02-25,60,Recurrente,3
511,2022-08-15,178,Nuevo,4
512,2023-04-02,13,Recurrente,3
512,2023-06-18,66,Recurrente,3
513,2022-10-12,39,Recurrente,2
513,2022-12-29,94,Recurrente,2
514,2022-01-02,35,Recurrente,5
514,2023-10-18,171,Recurrente,5
514,2023-05-07,89,Recurrente,5
515,2022-12-25,171,Nuevo,5
515,2024-01-31,74,Nuevo,5
516,2024-12-06,147,Recurrente,1
517,2023-05-14,59,Recurrente,5
517,2023-04-14,83,Recurrente,5
518,2022-08-21,161,Recurrente,3
519,2022-07-08,35,Nuevo,2
520,2023-09-02,176,Nuevo,4
521,2024-04-30,155,Nuevo,3
521,2024-02-02,28,Nuevo,3
521,2022-06-04,141,Nuevo,3
521,2023-07-20,114,Nuevo,3
522,2022-02-10,190,Nuevo,5
522,2023-11-19,39,Nuevo,5
522,2024-04-18,188,Nuevo,5
523,2024-07-05,159,Nuevo,4
523,2023-01-06,135,Nuevo,4
523,2022-06-04,19,Nuevo,4
523,2024-07-15,122,Nuevo,4
524,2022-05-08,60,Recurrente,3
525,2024-11-21,11,Recurrente,4
526,2022-08-20,165,Recurrente,2
526,2022-05-26,14,Recurrente,2
526,2024-12-30,49,Recurrente,2
526,2023-03-22,71,Recurrente,2
527,2023-12-03,133,Recurrente,3
528,2022-02-23,136,Nuevo,2
528,2023-04-21,167,Nuevo,2
528,2022-04-23,125,Nuevo,2
528,2022-03-28,147,Nuevo,2
529,2024-04-14,155,Recurrente,2
529,2023-10-26,103,Recurrente,2
530,2024-09-12,26,Nuevo,3
530,2023-11-20,39,Nuevo,3
530,2024-10-10,188,Nuevo,3
531,2024-12-23,31,Nuevo,1
531,2023-12-14,182,Nuevo,1
531,2022-01-16,195,Nuevo,1
531,2024-07-26,54,Nuevo,1
532,2024-06-27,190,Nuevo,5
532,2024-12-22,68,Nuevo,5
532,2023-10-03,109,Nuevo,5
533,2022-09-25,112,Nuevo,1
534,2022-03-21,15,Nuevo,4
534,2022-05-28,80,Nuevo,4
535,2022-06-16,44,Nuevo,5
535,2023-01-20,65,Nuevo,5
536,2024-09-07,10,Nuevo,2
536,2022-07-03,69,Nuevo,2
536,2024-10-14,168,Nuevo,2
536,2022-04-21,33,Nuevo,2
537,2022-06-20,52,Nuevo,4
537,2023-06-06,142,Nuevo,4
537,2022-10-09,92,Nuevo,4
537,2023-02-18,52,Nuevo,4
538,2023-02-18,107,Recurrente,4
539,2024-10-27,28,Nuevo,2
539,2023-04-24,178,Nuevo,2
539,2022-06-25,29,Nuevo,2
540,2022-02-18,85,Nuevo,5
540,2023-08-28,29,Nuevo,5
540,2023-09-25,41,Nuevo,5
541,2022-01-03,24,Recurrente,5
541,2023-04-26,58,Recurrente,5
542,2023-12-25,20,Nuevo,5
542,2024-05-08,49,Nuevo,5
542,2024-03-26,107,Nuevo,5
542,2024-10-11,144,Nuevo,5
543,2023-03-22,172,Nuevo,4
543,2022-08-02,160,Nuevo,4
543,2022-11-23,85,Nuevo,4
544,2023-06-12,182,Nuevo,3
544,2022-04-23,190,Nuevo,3
544,2024-02-29,12,Nuevo,3
544,2023-09-28,149,Nuevo,3
545,2024-03-15,125,Recurrente,1
545,2022-05-18,23,Recurrente,1
545,2024-01-24,100,Recurrente,1
546,2024-10-05,119,Nuevo,3
546,2024-05-08,34,Nuevo,3
546,2024-07-26,109,Nuevo,3
546,2023-06-05,172,Nuevo,3
547,2023-09-16,73,Nuevo,4
548,2022-01-31,95,Recurrente,5
548,2023-06-28,132,Recurrente,5
549,2022-05-08,128,Nuevo,1
549,2024-09-05,141,Nuevo,1
549,2023-05-06,45,Nuevo,1
549,2022-12-18,54,Nuevo,1
550,2024-01-08,98,Nuevo,2
550,2022-07-08,172,Nuevo,2
550,2023-09-21,52,Nuevo,2
551,2023-09-20,35,Recurrente,1
551,2022-11-08,117,Recurrente,1
552,2023-08-18,81,Nuevo,5
552,2022-06-08,45,Nuevo,5
553,2022-04-19,37,Nuevo,3
553,2022-08-29,146,Nuevo,3
554,2022-08-10,31,Recurrente,2
554,2024-04-08,63,Recurrente,2
554,2022-11-29,183,Recurrente,2
554,2024-01-08,77,Recurrente,2
555,2022-12-23,33,Recurrente,3
555,2023-06-15,145,Recurrente,3
555,2022-07-13,136,Recurrente,3
556,2024-08-09,21,Nuevo,2
556,2022-11-29,163,Nuevo,2
557,2024-10-15,144,Recurrente,2
558,2024-09-04,108,Nuevo,3
558,2023-12-13,123,Nuevo,3
559,2022-01-19,64,Recurrente,2
559,2024-05-07,67,Recurrente,2
560,2022-08-11,178,Recurrente,1
560,2022-07-05,87,Recurrente,1
560,2023-05-11,66,Recurrente,1
560,2023-03-19,157,Recurrente,1
561,2024-05-09,96,Nuevo,3
561,2024-08-03,29,Nuevo,3
562,2023-12-02,171,Recurrente,3
562,2024-01-30,20,Recurrente,3
562,2022-04-17,97,Recurrente,3
563,2022-09-23,110,Nuevo,4
563,2022-03-29,10,Nuevo,4
563,2023-08-22,186,Nuevo,4
563,2023-07-17,63,Nuevo,4
564,2024-02-21,155,Nuevo,2
565,2023-07-21,112,Recurrente,2
565,2022-10-25,128,Recurrente,2
566,2024-09-01,146,Recurrente,2
567,2024-02-29,38,Nuevo,4
568,2023-10-27,15,Recurrente,5
568,2023-02-07,155,Recurrente,5
569,2024-02-03,32,Nuevo,2
569,2024-05-23,19,Nuevo,2
569,2023-01-02,65,Nuevo,2
570,2023-03-27,132,Nuevo,3
571,2023-06-13,163,Nuevo,3
571,2024-04-21,115,Nuevo,3
572,2024-11-23,49,Recurrente,5
572,2024-10-23,189,Recurrente,5
572,2023-04-02,160,Recurrente,5
572,2022-12-03,27,Recurrente,5
573,2024-04-02,174,Nuevo,1
574,2022-11-21,150,Nuevo,1
574,2022-11-13,37,Nuevo,1
574,2022-04-25,11,Nuevo,1
575,2023-01-02,77,Nuevo,5
575,2022-03-05,25,Nuevo,5
576,2022-06-01,28,Recurrente,2
576,2023-06-21,199,Recurrente,2
577,2024-11-08,188,Recurrente,5
577,2023-10-28,138,Recurrente,5
577,2024-06-28,59,Recurrente,5
577,2024-02-01,63,Recurrente,5
578,2023-12-14,160,Recurrente,2
578,2022-12-10,51,Recurrente,2
578,2022-02-11,23,Recurrente,2
579,2022-03-20,110,Nuevo,2
579,2023-11-29,173,Nuevo,2
579,2024-12-24,151,Nuevo,2
580,2023-07-29,111,Nuevo,2
580,2022-10-04,197,Nuevo,2
581,2022-01-25,16,Recurrente,2
581,2024-08-02,134,Recurrente,2
582,2024-08-09,91,Nuevo,2
582,2023-01-04,137,Nuevo,2
583,2024-11-03,178,Recurrente,2
584,2023-07-30,116,Recurrente,1
584,2024-10-26,77,Recurrente,1
585,2022-02-06,33,Nuevo,5
586,2022-02-02,68,Nuevo,2
586,2024-01-03,156,Nuevo,2
586,2023-11-04,54,Nuevo,2
586,2022-08-04,64,Nuevo,2
587,2024-05-26,65,Recurrente,2
587,2022-04-06,192,Recurrente,2
588,2022-10-24,119,Recurrente,5
588,2023-02-03,132,Recurrente,5
588,2023-01-09,186,Recurrente,5
589,2022-05-26,106,Nuevo,4
590,2024-10-19,80,Nuevo,5
591,2024-02-05,118,Nuevo,1
591,2024-06-10,169,Nuevo,1
591,2023-06-17,29,Nuevo,1
592,2022-12-03,198,Nuevo,4
592,2023-10-18,75,Nuevo,4
592,2022-04-30,161,Nuevo,4
593,2023-09-18,112,Nuevo,1
593,2023-04-18,56,Nuevo,1
594,2023-02-27,57,Nuevo,3
595,2023-10-10,11,Recurrente,1
596,2024-10-13,141,Recurrente,5
596,2023-05-10,196,Recurrente,5
596,2022-04-21,36,Recurrente,5
597,2023-10-16,142,Recurrente,1
597,2023-06-16,196,Recurrente,1
597,2023-05-12,166,Recurrente,1
597,2024-03-03,116,Recurrente,1
598,2023-09-14,183,Nuevo,5
598,2022-09-01,178,Nuevo,5
599,2024-04-29,89,Recurrente,5
599,2024-05-21,103,Recurrente,5
599,2024-09-04,156,Recurrente,5
599,2024-04-26,37,Recurrente,5
600,2024-01-07,14,Recurrente,1
600,2024-11-21,193,Recurrente,1
601,2023-06-30,87,Recurrente,5
602,2024-04-20,168,Recurrente,3
602,2024-10-18,186,Recurrente,3
603,2023-04-08,38,Recurrente,1
604,2022-08-20,67,Nuevo,3
605,2024-03-01,81,Recurrente,2
606,2024-10-19,72,Recurrente,3
606,2022-08-25,61,Recurrente,3
607,2023-08-21,189,Recurrente,1
607,2022-05-08,105,Recurrente,1
608,2023-11-08,156,Recurrente,1
608,2024-05-20,97,Recurrente,1
609,2023-01-03,82,Nuevo,2
609,2022-07-20,86,Nuevo,2
610,2024-11-27,127,Nuevo,4
610,2023-12-30,183,Nuevo,4
611,2022-11-01,161,Recurrente,5
612,2022-11-22,142,Nuevo,1
612,2023-08-17,48,Nuevo,1
612,2024-06-25,183,Nuevo,1
612,2024-03-21,97,Nuevo,1
613,2024-03-14,193,Recurrente,2
614,2023-09-25,191,Recurrente,3
614,2022-06-18,33,Recurrente,3
615,2023-02-16,115,Nuevo,3
615,2023-02-21,53,Nuevo,3
615,2023-11-20,71,Nuevo,3
616,2023-04-21,26,Recurrente,5
616,2022-05-04,129,Recurrente,5
616,2023-02-06,183,Recurrente,5
617,2023-01-16,82,Nuevo,4
617,2023-08-21,175,Nuevo,4
617,2024-09-05,11,Nuevo,4
618,2022-01-19,65,Recurrente,1
618,2022-06-24,43,Recurrente,1
618,2022-11-02,130,Recurrente,1
619,2024-08-06,92,Nuevo,5
619,2023-04-11,122,Nuevo,5
619,2023-03-18,161,Nuevo,5
619,2024-10-16,24,Nuevo,5
620,2022-08-20,164,Recurrente,5
620,2024-05-13,90,Recurrente,5
621,2023-06-01,24,Nuevo,5
621,2023-11-17,140,Nuevo,5
621,2022-07-30,52,Nuevo,5
622,2022-02-21,35,Recurrente,3
622,2024-04-20,136,Recurrente,3
623,2023-10-16,32,Nuevo,5
623,2023-07-09,75,Nuevo,5
623,2022-08-20,60,Nuevo,5
624,2023-06-03,68,Recurrente,3
624,2023-12-15,118,Recurrente,3
624,2023-05-02,97,Recurrente,3
624,2024-03-01,77,Recurrente,3
625,2022-05-20,60,Recurrente,4
625,2022-03-21,141,Recurrente,4
625,2023-07-26,62,Recurrente,4
626,2022-03-24,119,Nuevo,1
626,2024-03-14,65,Nuevo,1
627,2023-08-05,71,Recurrente,2
627,2022-10-12,110,Recurrente,2
627,2024-10-12,47,Recurrente,2
627,2023-08-08,135,Recurrente,2
628,2022-05-09,50,Nuevo,4
629,2022-11-19,144,Recurrente,2
630,2024-06-16,64,Recurrente,5
630,2022-07-20,186,Recurrente,5
630,2024-11-05,94,Recurrente,5
631,2023-11-05,47,Recurrente,4
631,2023-08-18,84,Recurrente,4
631,2023-12-06,143,Recurrente,4
631,2023-05-10,137,Recurrente,4
632,2023-02-09,56,Nuevo,2
632,2024-02-09,109,Nuevo,2
633,2024-05-23,165,Recurrente,2
633,2023-07-08,99,Recurrente,2
633,2024-11-19,181,Recurrente,2
633,2024-09-15,146,Recurrente,2
634,2023-02-11,83,Recurrente,5
634,2023-11-19,33,Recurrente,5
635,2024-11-21,147,Nuevo,4
635,2022-01-06,86,Nuevo,4
635,2024-04-15,180,Nuevo,4
635,2022-03-19,186,Nuevo,4
636,2024-10-13,87,Recurrente,4
636,2022-02-22,46,Recurrente,4
636,2022-12-23,173,Recurrente,4
636,2022-07-20,138,Recurrente,4
637,2024-07-31,114,Nuevo,2
637,2022-02-10,66,Nuevo,2
637,2024-07-19,88,Nuevo,2
638,2023-08-07,79,Recurrente,2
638,2024-01-24,170,Recurrente,2
638,2024-04-14,59,Recurrente,2
638,2022-10-27,117,Recurrente,2
639,2022-10-06,145,Nuevo,5
640,2023-07-22,188,Nuevo,5
641,2024-07-02,15,Recurrente,2
641,2023-01-20,80,Recurrente,2
642,2023-05-04,127,Nuevo,5
642,2023-08-12,172,Nuevo,5
642,2024-09-21,38,Nuevo,5
643,2024-09-18,95,Nuevo,3
643,2023-06-16,31,Nuevo,3
643,2022-08-17,192,Nuevo,3
644,2024-08-20,93,Recurrente,5
644,2024-08-02,95,Recurrente,5
645,2024-09-28,194,Recurrente,5
646,2022-03-15,85,Nuevo,3
646,2023-07-14,103,Nuevo,3
647,2024-02-15,150,Nuevo,3
647,2024-11-11,51,Nuevo,3
647,2024-02-27,191,Nuevo,3
648,2023-04-19,85,Nuevo,3
649,2024-03-20,143,Nuevo,1
649,2022-09-19,163,Nuevo,1
650,2024-03-25,42,Nuevo,3
650,2023-05-15,169,Nuevo,3
650,2024-03-01,108,Nuevo,3
650,2022-09-15,133,Nuevo,3
651,2024-11-07,128,Nuevo,2
651,2023-03-28,141,Nuevo,2
652,2023-03-10,69,Nuevo,4
653,2022-11-05,57,Recurrente,2
654,2022-07-04,21,Nuevo,5
655,2024-06-23,10,Recurrente,3
655,2024-03-17,188,Recurrente,3
655,2023-12-15,32,Recurrente,3
656,2023-01-31,146,Recurrente,5
656,2024-12-11,27,Recurrente,5
656,2024-12-14,37,Recurrente,5
656,2024-01-18,36,Recurrente,5
657,2023-02-07,95,Recurrente,4
657,2023-03-10,139,Recurrente,4
658,2024-11-23,63,Recurrente,1
658,2022-02-08,182,Recurrente,1
658,2024-09-13,146,Recurrente,1
658,2022-05-10,180,Recurrente,1
659,2024-12-25,167,Recurrente,3
659,2023-05-30,10,Recurrente,3
659,2024-07-20,89,Recurrente,3
660,2024-09-03,31,Recurrente,5
661,2022-01-01,191,Recurrente,1
661,2024-06-23,41,Recurrente,1
662,2024-01-01,98,Nuevo,2
662,2024-12-19,64,Nuevo,2
662,2022-03-12,149,Nuevo,2
663,2024-06-20,144,Recurrente,5
664,2023-12-05,89,Recurrente,1
665,2022-09-27,130,Recurrente,2
665,2022-02-11,190,Recurrente,2
665,2024-10-12,146,Recurrente,2
665,2024-03-25,186,Recurrente,2
666,2022-04-27,15,Nuevo,1
666,2024-06-19,112,Nuevo,1
667,2024-11-10,194,Recurrente,1
668,2023-07-18,80,Recurrente,2
668,2024-06-19,155,Recurrente,2
668,2023-11-22,40,Recurrente,2
668,2023-04-04,172,Recurrente,2
669,2022-11-08,145,Recurrente,2
670,2023-03-16,43,Recurrente,1
670,2023-01-21,59,Recurrente,1
670,2023-02-23,101,Recurrente,1
670,2022-10-21,165,Recurrente,1
671,2023-02-24,112,Nuevo,1
671,2024-05-21,197,Nuevo,1
672,2022-10-30,171,Recurrente,4
672,2023-10-28,100,Recurrente,4
672,2024-10-03,128,Recurrente,4
673,2024-01-04,150,Recurrente,1
673,2022-07-01,13,Recurrente,1
673,2023-05-15,186,Recurrente,1
674,2022-07-25,175,Nuevo,2
674,2024-01-15,147,Nuevo,2
674,2024-02-15,103,Nuevo,2
674,2022-10-30,109,Nuevo,2
675,2023-06-10,97,Recurrente,3
675,2022-08-13,72,Recurrente,3
675,2022-12-04,151,Recurrente,3
675,2022-02-11,167,Recurrente,3
676,2022-09-14,32,Nuevo,3
676,2023-06-30,15,Nuevo,3
676,2023-11-13,171,Nuevo,3
676,2024-12-24,100,Nuevo,3
677,2022-10-02,59,Recurrente,1
677,2023-05-18,110,Recurrente,1
677,2024-05-23,24,Recurrente,1
678,2023-12-18,165,Recurrente,1
678,2022-05-21,198,Recurrente,1
678,2022-08-21,39,Recurrente,1
679,2023-10-29,86,Nuevo,4
679,2023-06-06,102,Nuevo,4
679,2023-03-23,19,Nuevo,4
680,2024-11-04,152,Nuevo,4
680,2022-12-25,121,Nuevo,4
681,2022-10-24,110,Nuevo,3
682,2023-01-07,29,Nuevo,1
682,2022-04-14,112,Nuevo,1
682,2024-06-11,178,Nuevo,1
683,2024-04-05,166,Recurrente,1
683,2022-06-16,147,Recurrente,1
683,2024-06-16,174,Recurrente,1
684,2024-02-20,45,Recurrente,1
684,2024-09-08,51,Recurrente,1
684,2022-05-28,192,Recurrente,1
684,2024-03-11,55,Recurrente,1
685,2022-06-27,63,Nuevo,3
685,2022-08-02,27,Nuevo,3
686,2023-08-09,82,Nuevo,3
686,2022-07-26,81,Nuevo,3
686,2024-06-10,98,Nuevo,3
687,2023-05-02,199,Recurrente,1
687,2024-01-28,35,Recurrente,1
687,2023-06-03,95,Recurrente,1
687,2022-08-28,96,Recurrente,1
688,2023-01-16,199,Nuevo,5
688,2023-11-07,58,Nuevo,5
688,2024-11-13,23,Nuevo,5
689,2022-09-26,90,Recurrente,4
690,2022-11-20,187,Nuevo,3
690,2024-06-26,32,Nuevo,3
690,2023-08-03,98,Nuevo,3
691,2024-01-06,29,Nuevo,4
692,2022-10-06,116,Recurrente,2
692,2023-07-31,92,Recurrente,2
693,2024-07-01,114,Recurrente,5
694,2022-12-18,159,Nuevo,4
695,2024-12-23,37,Nuevo,3
695,2023-02-28,69,Nuevo,3
695,2024-07-29,186,Nuevo,3
695,2023-01-14,156,Nuevo,3
696,2022-06-03,191,Recurrente,2
696,2024-03-27,17,Recurrente,2
697,2022-09-08,86,Recurrente,2
698,2023-04-25,34,Recurrente,4
699,2024-01-22,23,Nuevo,5
699,2023-12-20,71,Nuevo,5
699,2022-05-06,71,Nuevo,5
700,2022-07-17,188,Recurrente,5
700,2024-03-15,47,Recurrente,5
701,2023-04-18,26,Nuevo,4
702,2024-12-23,162,Nuevo,1
702,2023-05-24,59,Nuevo,1
702,2024-03-13,30,Nuevo,1
703,2023-01-23,30,Nuevo,5
704,2024-05-08,162,Nuevo,1
705,2022-10-31,183,Nuevo,3
705,2023-05-13,130,Nuevo,3
705,2022-07-02,98,Nuevo,3
705,2022-06-21,180,Nuevo,3
706,2023-08-12,111,Recurrente,3
706,2023-04-14,84,Recurrente,3
706,2022-08-08,68,Recurrente,3
707,2023-07-15,104,Nuevo,5
707,2024-04-06,146,Nuevo,5
707,2022-07-04,194,Nuevo,5
708,2024-10-21,132,Recurrente,4
708,2024-12-11,46,Recurrente,4
709,2023-06-26,147,Recurrente,2
709,2024-04-26,137,Recurrente,2
710,2022-09-28,36,Recurrente,5
710,2023-03-27,11,Recurrente,5
710,2024-10-22,34,Recurrente,5
710,2023-05-24,176,Recurrente,5
711,2022-09-08,152,Nuevo,2
711,2023-10-24,42,Nuevo,2
711,2023-12-28,74,Nuevo,2
712,2024-05-20,197,Nuevo,5
712,2024-05-25,81,Nuevo,5
713,2022-09-30,68,Recurrente,4
713,2022-01-30,19,Recurrente,4
713,2024-07-21,25,Recurrente,4
713,2022-06-14,51,Recurrente,4
714,2022-07-29,174,Nuevo,5
715,2022-04-21,194,Recurrente,3
715,2023-03-01,197,Recurrente,3
715,2024-02-16,18,Recurrente,3
715,2022-12-02,32,Recurrente,3
716,2022-12-28,52,Nuevo,2
716,2022-12-22,170,Nuevo,2
716,2023-10-17,188,Nuevo,2
717,2024-08-22,97,Recurrente,2
717,2023-06-09,190,Recurrente,2
717,2022-09-27,115,Recurrente,2
717,2023-08-22,124,Recurrente,2
718,2023-04-27,54,Nuevo,1
718,2023-09-27,81,Nuevo,1
719,2024-05-20,45,Nuevo,4
720,2022-05-19,137,Recurrente,4
720,2024-08-14,127,Recurrente,4
720,2023-11-24,15,Recurrente,4
720,2022-11-01,134,Recurrente,4
721,2022-04-15,107,Recurrente,4
722,2024-01-04,151,Recurrente,5
723,2024-11-13,52,Recurrente,3
723,2023-01-29,72,Recurrente,3
724,2022-02-17,106,Nuevo,4
724,2022-11-06,136,Nuevo,4
724,2023-07-03,15,Nuevo,4
725,2022-06-12,23,Nuevo,4
725,2023-10-04,180,Nuevo,4
726,2024-04-02,38,Nuevo,4
726,2024-10-24,118,Nuevo,4
727,2022-10-09,168,Recurrente,2
727,2024-02-08,159,Recurrente,2
727,2023-04-12,92,Recurrente,2
728,2024-07-30,60,Nuevo,4
729,2022-01-02,49,Recurrente,3
729,2023-06-21,44,Recurrente,3
730,2024-01-27,17,Nuevo,3
731,2022-08-13,53,Nuevo,5
731,2024-09-10,118,Nuevo,5
732,2023-02-05,193,Recurrente,2
732,2022-03-28,96,Recurrente,2
733,2023-05-23,108,Nuevo,2
733,2023-09-27,160,Nuevo,2
733,2024-11-07,100,Nuevo,2
734,2022-11-01,94,Recurrente,5
735,2024-11-29,56,Nuevo,3
735,2023-10-26,70,Nuevo,3
735,2024-03-06,106,Nuevo,3
735,2022-02-09,78,Nuevo,3
736,2023-02-13,142,Nuevo,2
736,2022-10-01,23,Nuevo,2
736,2024-04-28,188,Nuevo,2
737,2024-04-19,190,Recurrente,3
737,2024-01-12,130,Recurrente,3
738,2023-07-19,197,Recurrente,1
739,2022-05-14,70,Recurrente,3
739,2023-11-19,185,Recurrente,3
739,2023-08-07,169,Recurrente,3
739,2022-07-06,115,Recurrente,3
740,2022-07-04,66,Recurrente,3
740,2022-12-31,65,Recurrente,3
740,2024-10-25,180,Recurrente,3
741,2024-04-09,42,Recurrente,4
741,2022-06-20,189,Recurrente,4
741,2024-06-12,111,Recurrente,4
741,2022-03-31,193,Recurrente,4
742,2023-04-28,60,Recurrente,4
742,2023-01-06,157,Recurrente,4
743,2022-11-27,83,Nuevo,5
744,2022-03-18,153,Recurrente,1
745,2022-05-16,145,Recurrente,3
746,2024-08-05,101,Nuevo,2
746,2022-01-12,162,Nuevo,2
746,2022-01-07,187,Nuevo,2
746,2024-08-29,138,Nuevo,2
747,2024-10-21,127,Recurrente,4
747,2024-03-02,191,Recurrente,4
748,2022-07-15,43,Nuevo,5
749,2022-09-25,96,Recurrente,4
749,2024-02-05,48,Recurrente,4
749,2022-12-23,154,Recurrente,4
750,2024-04-22,160,Nuevo,5
751,2024-12-07,174,Nuevo,4
751,2022-05-05,42,Nuevo,4
751,2023-06-10,99,Nuevo,4
752,2023-04-01,101,Recurrente,5
752,2022-04-26,72,Recurrente,5
752,2024-04-24,190,Recurrente,5
752,2022-09-26,74,Recurrente,5
753,2023-06-03,152,Nuevo,3
753,2022-04-07,38,Nuevo,3
753,2022-06-21,143,Nuevo,3
754,2024-08-19,120,Recurrente,5
754,2023-01-02,135,Recurrente,5
754,2024-07-11,199,Recurrente,5
755,2023-05-23,164,Recurrente,1
756,2023-06-17,38,Recurrente,3
757,2023-03-29,14,Nuevo,4
757,2024-12-10,14,Nuevo,4
757,2022-01-03,155,Nuevo,4
757,2024-08-26,24,Nuevo,4
758,2022-11-30,100,Recurrente,5
758,2024-02-11,111,Recurrente,5
758,2023-12-05,46,Recurrente,5
758,2023-06-23,86,Recurrente,5
759,2023-07-17,113,Nuevo,4
759,2022-01-10,73,Nuevo,4
759,2023-11-23,48,Nuevo,4
760,2024-05-01,143,Recurrente,2
760,2023-01-14,136,Recurrente,2
760,2024-07-21,45,Recurrente,2
760,2022-02-11,76,Recurrente,2
761,2022-01-28,149,Recurrente,4
761,2022-05-29,80,Recurrente,4
761,2022-10-04,75,Recurrente,4
761,2023-10-28,164,Recurrente,4
762,2024-03-30,149,Recurrente,3
762,2024-12-12,179,Recurrente,3
762,2022-03-31,60,Recurrente,3
762,2023-10-30,117,Recurrente,3
763,2024-02-14,177,Recurrente,2
763,2023-11-19,38,Recurrente,2
763,2024-12-16,71,Recurrente,2
764,2022-03-15,23,Recurrente,3
764,2024-07-22,105,Recurrente,3
765,2022-09-12,144,Recurrente,5
765,2024-10-23,171,Recurrente,5
765,2023-06-08,62,Recurrente,5
765,2022-02-09,131,Recurrente,5
766,2024-07-25,47,Nuevo,1
766,2022-08-12,167,Nuevo,1
766,2022-03-26,97,Nuevo,1
766,2022-09-23,71,Nuevo,1
767,2024-04-09,140,Nuevo,4
768,2023-01-25,194,Recurrente,4
768,2023-12-25,109,Recurrente,4
768,2022-08-21,51,Recurrente,4
768,2023-08-13,52,Recurrente,4
769,2023-06-07,54,Nuevo,4
769,2023-09-05,112,Nuevo,4
769,2022-03-06,147,Nuevo,4
770,2024-07-05,17,Recurrente,5
770,2023-11-17,107,Recurrente,5
770,2022-10-02,62,Recurrente,5
771,2023-03-02,85,Nuevo,2
771,2022-10-20,154,Nuevo,2
772,2022-08-15,96,Recurrente,4
772,2022-10-14,159,Recurrente,4
772,2022-01-21,91,Recurrente,4
772,2022-05-16,162,Recurrente,4
773,2022-10-03,21,Nuevo,5
773,2024-11-18,165,Nuevo,5
773,2023-06-23,60,Nuevo,5
774,2024-08-04,166,Nuevo,1
774,2023-05-08,60,Nuevo,1
775,2023-11-20,161,Nuevo,1
775,2024-07-30,17,Nuevo,1
776,2023-03-17,122,Recurrente,4
776,2022-10-27,79,Recurrente,4
777,2023-08-21,99,Nuevo,2
778,2023-07-29,102,Recurrente,5
778,2024-10-30,83,Recurrente,5
779,2024-08-08,57,Recurrente,3
779,2024-04-25,159,Recurrente,3
779,2024-03-10,20,Recurrente,3
779,2022-01-20,34,Recurrente,3
780,2023-02-11,112,Recurrente,1
780,2023-07-12,199,Recurrente,1
780,2022-09-28,168,Recurrente,1
781,2022-10-29,199,Nuevo,5
782,2023-10-19,32,Nuevo,4
782,2023-04-09,32,Nuevo,4
782,2022-12-09,26,Nuevo,4
782,2022-05-28,52,Nuevo,4
783,2022-06-15,197,Nuevo,3
783,2024-03-10,69,Nuevo,3
783,2022-01-21,64,Nuevo,3
784,2022-06-08,10,Nuevo,3
784,2022-03-17,138,Nuevo,3
784,2023-06-19,16,Nuevo,3
785,2024-08-25,86,Nuevo,1
786,2023-01-20,162,Recurrente,3
786,2023-09-02,178,Recurrente,3
787,2023-05-23,172,Nuevo,4
788,2023-06-25,190,Nuevo,2
788,2023-02-10,33,Nuevo,2
788,2024-11-24,77,Nuevo,2
789,2024-11-21,41,Recurrente,2
790,2022-12-10,178,Recurrente,4
791,2024-02-29,62,Nuevo,2
792,2024-07-21,137,Recurrente,1
793,2022-05-01,107,Recurrente,5
793,2024-07-27,69,Recurrente,5
793,2023-04-03,59,Recurrente,5
794,2023-03-24,84,Nuevo,2
794,2022-03-15,163,Nuevo,2
794,2024-10-28,107,Nuevo,2
795,2023-10-26,142,Nuevo,5
796,2023-05-22,23,Nuevo,2
796,2022-04-24,86,Nuevo,2
796,2022-04-01,126,Nuevo,2
797,2023-05-03,100,Recurrente,5
797,2022-12-30,68,Recurrente,5
798,2023-09-25,179,Recurrente,3
798,2023-10-04,105,Recurrente,3
798,2023-07-16,42,Recurrente,3
798,2022-03-06,26,Recurrente,3
799,2023-04-28,170,Nuevo,5
799,2022-12-21,177,Nuevo,5
799,2023-01-03,29,Nuevo,5
799,2022-05-22,52,Nuevo,5
800,2024-08-23,75,Nuevo,2
800,2022-12-26,99,Nuevo,2
800,2024-10-15,128,Nuevo,2
801,2022-11-18,60,Recurrente,4
802,2022-10-17,172,Recurrente,4
803,2023-09-22,127,Recurrente,3
804,2022-11-21,82,Nuevo,2
805,2024-07-22,126,Recurrente,2
806,2024-12-08,29,Recurrente,3
806,2023-01-09,115,Recurrente,3
806,2022-02-06,67,Recurrente,3
807,2023-08-11,55,Recurrente,3
807,2024-02-04,64,Recurrente,3
808,2022-12-03,179,Nuevo,5
809,2022-03-30,147,Nuevo,4
809,2023-02-28,131,Nuevo,4
809,2024-09-08,121,Nuevo,4
809,2024-12-01,179,Nuevo,4
810,2023-01-11,89,Nuevo,1
811,2022-09-18,161,Recurrente,1
811,2023-04-21,183,Recurrente,1
811,2023-12-30,36,Recurrente,1
811,2024-11-14,141,Recurrente,1
812,2023-08-26,14,Recurrente,5
813,2024-03-18,120,Nuevo,4
813,2022-08-05,23,Nuevo,4
813,2024-06-02,178,Nuevo,4
813,2024-08-11,57,Nuevo,4
814,2024-02-25,29,Nuevo,5
814,2024-06-01,16,Nuevo,5
815,2022-06-17,141,Recurrente,4
815,2023-10-23,114,Recurrente,4
816,2024-01-02,38,Recurrente,4
816,2023-10-11,121,Recurrente,4
817,2024-12-09,166,Nuevo,2
817,2022-07-17,141,Nuevo,2
817,2022-02-08,11,Nuevo,2
818,2022-02-28,135,Recurrente,4
818,2024-07-20,33,Recurrente,4
818,2023-01-01,188,Recurrente,4
818,2022-11-25,19,Recurrente,4
819,2022-10-15,179,Recurrente,5
819,2023-12-17,161,Recurrente,5
820,2024-02-16,197,Recurrente,2
820,2022-03-10,143,Recurrente,2
821,2024-02-04,61,Nuevo,1
821,2022-07-03,84,Nuevo,1
821,2022-07-15,19,Nuevo,1
821,2024-09-30,16,Nuevo,1
822,2024-05-21,20,Nuevo,4
822,2023-10-22,10,Nuevo,4
823,2024-06-08,102,Nuevo,5
824,2023-05-28,187,Recurrente,1
825,2022-03-18,50,Recurrente,2
825,2022-03-07,135,Recurrente,2
826,2023-05-19,70,Nuevo,4
826,2022-02-12,100,Nuevo,4
827,2022-08-17,21,Recurrente,2
827,2022-04-04,71,Recurrente,2
827,2024-04-10,141,Recurrente,2
827,2022-05-03,139,Recurrente,2
828,2023-06-15,61,Nuevo,5
828,2022-09-09,138,Nuevo,5
828,2023-08-18,157,Nuevo,5
829,2023-10-07,94,Nuevo,4
830,2023-03-18,23,Nuevo,1
830,2024-09-06,175,Nuevo,1
830,2024-09-08,67,Nuevo,1
830,2022-07-23,144,Nuevo,1
831,2024-01-31,28,Nuevo,5
832,2024-04-22,85,Nuevo,3
833,2024-12-15,152,Nuevo,4
834,2024-07-06,18,Nuevo,2
834,2024-10-03,194,Nuevo,2
834,2022-08-10,152,Nuevo,2
835,2022-12-10,173,Recurrente,1
836,2023-06-19,116,Recurrente,5
836,2022-09-23,56,Recurrente,5
836,2023-06-26,51,Recurrente,5
836,2023-09-16,167,Recurrente,5
837,2024-03-17,77,Nuevo,4
838,2022-10-12,89,Nuevo,2
838,2023-06-14,19,Nuevo,2
839,2024-01-22,33,Recurrente,2
839,2024-05-20,196,Recurrente,2
839,2022-07-14,162,Recurrente,2
840,2022-06-10,56,Recurrente,1
840,2023-09-11,57,Recurrente,1
841,2022-10-09,154,Recurrente,4
841,2022-10-04,45,Recurrente,4
841,2024-06-14,52,Recurrente,4
842,2023-01-05,95,Nuevo,4
843,2023-02-12,157,Nuevo,2
843,2024-04-22,28,Nuevo,2
844,2023-12-10,41,Recurrente,2
844,2022-03-31,133,Recurrente,2
844,2022-08-27,135,Recurrente,2
844,2023-06-11,188,Recurrente,2
845,2024-05-30,178,Nuevo,1
845,2022-01-13,54,Nuevo,1
845,2024-04-08,150,Nuevo,1
846,2023-06-09,111,Recurrente,4
846,2023-11-09,130,Recurrente,4
847,2024-10-26,91,Recurrente,3
847,2022-06-24,75,Recurrente,3
847,2023-05-26,130,Recurrente,3
847,2022-09-06,192,Recurrente,3
848,2022-04-23,65,Recurrente,4
848,2024-03-19,175,Recurrente,4
848,2023-01-07,148,Recurrente,4
849,2024-01-17,61,Nuevo,2
849,2024-07-12,47,Nuevo,2
849,2022-03-04,178,Nuevo,2
850,2023-03-30,136,Nuevo,1
851,2022-09-18,142,Nuevo,3
852,2024-01-15,137,Nuevo,1
852,2023-12-06,53,Nuevo,1
852,2024-11-15,166,Nuevo,1
852,2022-04-07,43,Nuevo,1
853,2023-06-16,102,Recurrente,1
853,2022-12-19,150,Recurrente,1
853,2022-09-15,84,Recurrente,1
854,2023-01-28,62,Nuevo,2
854,2024-02-15,101,Nuevo,2
854,2022-11-06,129,Nuevo,2
855,2023-08-14,46,Nuevo,3
856,2022-10-13,147,Nuevo,5
857,2022-08-25,109,Recurrente,3
857,2023-08-13,109,Recurrente,3
858,2023-04-07,74,Nuevo,4
859,2022-08-28,31,Recurrente,2
859,2023-12-09,163,Recurrente,2
860,2024-01-12,98,Nuevo,5
860,2024-05-30,159,Nuevo,5
860,2023-11-09,14,Nuevo,5
861,2024-01-30,115,Recurrente,2
861,2023-07-05,189,Recurrente,2
861,2022-02-09,199,Recurrente,2
862,2022-09-23,166,Nuevo,1
862,2022-11-05,103,Nuevo,1
863,2023-11-17,147,Nuevo,1
863,2024-04-11,177,Nuevo,1
863,2024-10-24,21,Nuevo,1
863,2024-08-11,149,Nuevo,1
864,2023-05-20,26,Nuevo,4
865,2023-05-27,37,Recurrente,5
865,2023-08-13,79,Recurrente,5
866,2023-07-06,148,Recurrente,5
866,2024-02-18,126,Recurrente,5
866,2024-05-11,120,Recurrente,5
867,2022-01-19,24,Recurrente,3
867,2024-03-22,195,Recurrente,3
867,2024-03-25,30,Recurrente,3
868,2024-07-24,199,Recurrente,1
869,2024-03-04,193,Nuevo,4
869,2024-01-01,58,Nuevo,4
869,2024-02-24,180,Nuevo,4
870,2023-02-05,109,Recurrente,3
870,2023-01-28,106,Recurrente,3
870,2022-07-25,124,Recurrente,3
870,2024-03-24,106,Recurrente,3
871,2022-07-05,48,Nuevo,5
872,2022-07-01,100,Recurrente,2
872,2022-01-23,42,Recurrente,2
873,2023-02-24,130,Recurrente,4
873,2024-01-29,118,Recurrente,4
874,2022-01-03,99,Recurrente,1
874,2023-05-14,128,Recurrente,1
874,2024-12-11,47,Recurrente,1
874,2024-12-02,124,Recurrente,1
875,2023-05-08,56,Recurrente,2
876,2022-07-27,50,Recurrente,4
877,2024-01-23,87,Recurrente,5
878,2024-11-13,92,Nuevo,1
879,2024-09-22,128,Recurrente,2
880,2022-03-29,165,Nuevo,4
880,2023-05-21,153,Nuevo,4
880,2024-01-16,151,Nuevo,4
880,2024-02-24,168,Nuevo,4
881,2024-07-12,70,Recurrente,3
881,2022-11-25,25,Recurrente,3
881,2024-12-30,184,Recurrente,3
881,2024-11-09,165,Recurrente,3
882,2022-10-20,159,Recurrente,3
882,2024-03-04,187,Recurrente,3
882,2024-03-11,87,Recurrente,3
882,2022-08-06,59,Recurrente,3
883,2024-04-24,194,Recurrente,3
883,2022-02-22,184,Recurrente,3
884,2023-04-05,77,Nuevo,1
884,2022-05-30,121,Nuevo,1
884,2023-04-30,86,Nuevo,1
884,2022-12-15,133,Nuevo,1
885,2023-08-26,78,Nuevo,4
885,2024-05-04,82,Nuevo,4
885,2024-06-24,150,Nuevo,4
885,2023-07-01,120,Nuevo,4
886,2023-06-18,157,Recurrente,1
886,2023-11-02,135,Recurrente,1
886,2024-06-15,177,Recurrente,1
886,2024-03-27,173,Recurrente,1
887,2023-01-13,104,Nuevo,3
887,2024-05-21,194,Nuevo,3
888,2023-04-16,75,Recurrente,2
889,2023-04-03,79,Nuevo,5
889,2024-08-15,87,Nuevo,5
889,2023-07-26,105,Nuevo,5
889,2022-01-22,55,Nuevo,5
890,2023-01-25,59,Nuevo,2
890,2022-09-30,115,Nuevo,2
891,2022-01-05,116,Nuevo,1
891,2024-02-09,133,Nuevo,1
891,2022-02-18,123,Nuevo,1
891,2022-03-14,62,Nuevo,1
892,2024-07-15,140,Recurrente,5
893,2022-02-03,198,Nuevo,3
893,2023-01-28,122,Nuevo,3
893,2022-07-31,68,Nuevo,3
893,2024-04-21,159,Nuevo,3
894,2024-11-12,52,Recurrente,4
895,2023-03-31,188,Recurrente,3
896,2023-02-14,90,Recurrente,1
896,2022-04-17,107,Recurrente,1
897,2023-05-18,49,Recurrente,3
897,2022-05-05,79,Recurrente,3
898,2022-04-10,157,Nuevo,3
898,2023-10-07,132,Nuevo,3
898,2022-10-09,41,Nuevo,3
899,2022-09-04,173,Recurrente,4
899,2022-09-24,93,Recurrente,4
899,2022-11-23,95,Recurrente,4
899,2022-09-26,117,Recurrente,4
900,2024-03-09,38,Nuevo,2
900,2024-10-13,49,Nuevo,2
901,2023-08-03,44,Nuevo,3
901,2023-01-11,83,Nuevo,3
901,2023-09-05,163,Nuevo,3
901,2022-10-14,89,Nuevo,3
902,2023-12-14,84,Recurrente,2
903,2024-06-28,129,Recurrente,1
903,2023-01-09,136,Recurrente,1
904,2024-05-13,85,Recurrente,4
905,2022-10-11,26,Recurrente,5
906,2023-01-31,115,Nuevo,2
907,2023-09-13,49,Recurrente,1
907,2022-09-26,29,Recurrente,1
907,2022-04-10,178,Recurrente,1
908,2023-03-07,23,Nuevo,5
908,2022-09-17,170,Nuevo,5
908,2024-09-15,111,Nuevo,5
908,2024-11-25,193,Nuevo,5
909,2022-08-16,188,Nuevo,2
909,2022-12-19,10,Nuevo,2
909,2022-12-23,142,Nuevo,2
909,2023-11-22,103,Nuevo,2
910,2024-07-15,113,Nuevo,5
911,2022-12-03,31,Nuevo,4
911,2024-06-06,97,Nuevo,4
912,2024-05-19,149,Nuevo,4
912,2023-04-16,54,Nuevo,4
912,2023-11-17,68,Nuevo,4
912,2024-10-06,22,Nuevo,4
913,2022-06-09,61,Nuevo,1
913,2023-10-31,178,Nuevo,1
914,2022-11-15,109,Nuevo,1
915,2023-12-24,162,Nuevo,5
915,2023-09-05,130,Nuevo,5
915,2022-01-21,167,Nuevo,5
916,2022-10-19,19,Nuevo,5
916,2023-06-04,39,Nuevo,5
916,2023-04-25,101,Nuevo,5
917,2024-06-18,28,Nuevo,1
917,2024-01-11,113,Nuevo,1
917,2024-01-18,135,Nuevo,1
917,2023-04-05,160,Nuevo,1
918,2022-07-29,19,Nuevo,1
918,2022-12-20,163,Nuevo,1
918,2023-02-18,165,Nuevo,1
919,2024-01-15,132,Recurrente,5
919,2024-02-16,18,Recurrente,5
919,2024-06-11,134,Recurrente,5
919,2023-02-12,122,Recurrente,5
920,2022-07-18,172,Nuevo,4
920,2024-05-14,94,Nuevo,4
920,2023-06-20,46,Nuevo,4
920,2022-04-22,72,Nuevo,4
921,2022-03-09,88,Recurrente,3
921,2023-01-05,143,Recurrente,3
922,2022-03-14,35,Recurrente,1
922,2024-12-26,120,Recurrente,1
923,2024-07-09,97,Recurrente,2
923,2023-10-09,153,Recurrente,2
924,2023-06-23,20,Recurrente,1
924,2023-04-03,174,Recurrente,1
924,2022-07-03,39,Recurrente,1
924,2023-10-04,92,Recurrente,1
925,2022-07-26,144,Recurrente,1
925,2024-02-21,197,Recurrente,1
925,2024-04-02,196,Recurrente,1
926,2022-08-06,12,Recurrente,4
926,2024-01-07,95,Recurrente,4
927,2024-01-30,96,Recurrente,5
928,2024-07-28,89,Nuevo,5
928,2022-07-22,117,Nuevo,5
928,2022-03-25,119,Nuevo,5
928,2024-09-10,54,Nuevo,5
929,2022-04-22,149,Recurrente,5
929,2024-03-12,36,Recurrente,5
929,2022-12-14,161,Recurrente,5
930,2024-05-22,162,Nuevo,4
931,2024-10-10,65,Nuevo,1
931,2023-01-13,107,Nuevo,1
931,2022-03-04,174,Nuevo,1
931,2023-05-05,51,Nuevo,1
932,2023-07-06,30,Recurrente,3
933,2023-06-08,45,Recurrente,1
933,2023-01-28,149,Recurrente,1
934,2022-07-19,86,Nuevo,5
934,2022-06-27,180,Nuevo,5
934,2022-01-21,88,Nuevo,5
935,2023-07-26,169,Nuevo,2
936,2022-04-15,173,Nuevo,2
936,2022-11-04,109,Nuevo,2
937,2023-10-13,11,Recurrente,5
937,2023-09-04,19,Recurrente,5
937,2022-12-29,65,Recurrente,5
937,2022-10-17,91,Recurrente,5
938,2024-01-07,56,Recurrente,2
938,2022-12-31,173,Recurrente,2
938,2024-11-04,27,Recurrente,2
938,2022-06-17,36,Recurrente,2
939,2024-09-20,137,Recurrente,1
939,2022-04-21,145,Recurrente,1
939,2023-11-04,36,Recurrente,1
940,2023-11-17,123,Recurrente,2
941,2023-05-20,65,Nuevo,2
941,2023-02-09,199,Nuevo,2
941,2022-03-06,42,Nuevo,2
942,2022-06-30,140,Recurrente,5
942,2023-06-05,105,Recurrente,5
942,2024-12-15,37,Recurrente,5
943,2023-02-22,21,Nuevo,2
944,2022-09-06,104,Nuevo,3
944,2022-06-30,30,Nuevo,3
945,2023-02-27,122,Nuevo,2
946,2023-10-27,74,Nuevo,3
946,2023-10-14,127,Nuevo,3
946,2022-11-29,189,Nuevo,3
947,2023-02-12,23,Nuevo,1
947,2024-03-13,64,Nuevo,1
948,2024-06-12,149,Recurrente,2
948,2022-06-23,71,Recurrente,2
949,2022-12-21,173,Recurrente,3
949,2024-05-01,188,Recurrente,3
949,2022-09-09,187,Recurrente,3
950,2023-02-03,89,Recurrente,5
950,2023-08-26,137,Recurrente,5
950,2024-12-29,128,Recurrente,5
950,2022-02-28,115,Recurrente,5
951,2024-11-02,23,Nuevo,2
951,2022-09-07,16,Nuevo,2
951,2024-02-24,145,Nuevo,2
952,2023-04-11,157,Nuevo,5
953,2022-03-23,56,Recurrente,4
953,2022-01-25,158,Recurrente,4
953,2023-09-08,199,Recurrente,4
954,2024-07-22,196,Recurrente,1
954,2023-07-06,189,Recurrente,1
954,2024-09-09,10,Recurrente,1
954,2024-01-23,172,Recurrente,1
955,2022-10-23,11,Recurrente,1
956,2023-06-20,87,Nuevo,4
956,2023-02-12,124,Nuevo,4
956,2022-10-11,11,Nuevo,4
957,2024-02-17,36,Nuevo,3
957,2023-01-19,98,Nuevo,3
957,2023-08-16,113,Nuevo,3
957,2023-10-05,42,Nuevo,3
958,2023-01-27,123,Nuevo,3
959,2022-07-06,34,Recurrente,5
959,2022-07-18,32,Recurrente,5
960,2023-03-09,64,Recurrente,1
960,2023-10-16,58,Recurrente,1
960,2024-06-12,95,Recurrente,1
961,2024-08-16,44,Recurrente,3
962,2022-05-22,54,Recurrente,1
962,2023-08-08,196,Recurrente,1
962,2022-09-04,197,Recurrente,1
963,2022-01-29,26,Recurrente,5
963,2024-03-22,169,Recurrente,5
963,2023-05-17,33,Recurrente,5
963,2024-04-04,34,Recurrente,5
964,2022-02-26,27,Nuevo,4
964,2022-08-14,148,Nuevo,4
965,2024-01-21,124,Nuevo,4
966,2024-10-05,152,Nuevo,4
966,2022-12-12,96,Nuevo,4
967,2023-02-26,135,Nuevo,3
968,2022-10-03,50,Recurrente,3
968,2024-08-02,120,Recurrente,3
968,2024-12-23,109,Recurrente,3
968,2022-11-28,61,Recurrente,3
969,2022-07-06,24,Recurrente,5
969,2024-11-20,17,Recurrente,5
969,2023-06-02,82,Recurrente,5
969,2022-10-08,13,Recurrente,5
970,2023-05-30,108,Nuevo,5
971,2024-09-09,175,Nuevo,1
971,2023-07-19,164,Nuevo,1
971,2023-11-08,186,Nuevo,1
971,2024-04-19,100,Nuevo,1
972,2024-11-04,117,Recurrente,2
972,2024-03-10,143,Recurrente,2
972,2023-12-21,20,Recurrente,2
973,2024-02-12,106,Nuevo,3
974,2023-11-19,135,Recurrente,1
974,2022-04-22,83,Recurrente,1
975,2022-11-02,102,Recurrente,2
975,2024-09-25,36,Recurrente,2
975,2022-02-04,78,Recurrente,2
975,2024-05-03,11,Recurrente,2
976,2024-05-29,149,Nuevo,4
976,2024-02-21,15,Nuevo,4
977,2023-11-21,132,Nuevo,5
977,2022-02-17,152,Nuevo,5
977,2022-07-14,10,Nuevo,5
978,2022-04-15,144,Recurrente,5
978,2024-03-18,27,Recurrente,5
978,2022-05-08,130,Recurrente,5
978,2022-05-24,131,Recurrente,5
979,2024-03-05,197,Nuevo,1
979,2022-04-16,36,Nuevo,1
980,2022-03-13,32,Recurrente,2
981,2022-07-25,121,Recurrente,3
982,2023-10-26,155,Recurrente,2
982,2023-04-10,102,Recurrente,2
982,2024-01-10,105,Recurrente,2
983,2024-09-13,126,Recurrente,2
983,2024-09-09,69,Recurrente,2
983,2023-02-20,153,Recurrente,2
984,2023-04-03,190,Recurrente,5
984,2023-09-14,78,Recurrente,5
984,2022-03-04,142,Recurrente,5
985,2022-10-10,59,Nuevo,4
986,2023-11-15,152,Nuevo,3
986,2024-06-08,124,Nuevo,3
986,2024-12-01,13,Nuevo,3
987,2024-10-11,18,Nuevo,5
988,2022-11-16,114,Recurrente,5
988,2023-09-10,182,Recurrente,5
989,2024-06-27,177,Nuevo,2
989,2022-10-01,175,Nuevo,2
990,2023-11-26,27,Nuevo,1
990,2022-01-08,45,Nuevo,1
990,2024-09-13,113,Nuevo,1
991,2023-11-02,175,Recurrente,2
991,2022-12-19,97,Recurrente,2
991,2024-10-05,25,Recurrente,2
991,2022-05-08,150,Recurrente,2
992,2024-10-25,31,Recurrente,2
992,2023-03-25,111,Recurrente,2
993,2022-05-20,85,Recurrente,3
994,2024-05-30,148,Nuevo,5
995,2022-02-27,199,Recurrente,1
995,2023-10-24,188,Recurrente,1
996,2024-02-07,31,Nuevo,4
996,2024-06-30,18,Nuevo,4
997,2022-11-17,58,Recurrente,3
997,2022-12-12,163,Recurrente,3
998,2023-02-04,26,Nuevo,2
998,2024-05-19,152,Nuevo,2
999,2024-09-24,49,Recurrente,3
999,2023-12-06,123,Recurrente,3
1000,2023-10-28,90,Recurrente,4
1000,2024-07-08,184,Recurrente,4
